年,在留資格,性別,年齢,人口
2014,教授,男,0歳,0
2014,芸術,男,0歳,0
2014,宗教,男,0歳,0
2014,報道,男,0歳,0
2014,投資・経営,男,0歳,0
2014,法律・会計業務,男,0歳,0
2014,医療,男,0歳,0
2014,研究,男,0歳,0
2014,教育,男,0歳,0
2014,技術,男,0歳,0
2014,人文知識・国際業務,男,0歳,0
2014,企業内転勤,男,0歳,0
2014,興行,男,0歳,0
2014,技能,男,0歳,0
2014,技能実習1号イ,男,0歳,0
2014,技能実習1号ロ,男,0歳,0
2014,技能実習2号イ,男,0歳,0
2014,技能実習2号ロ,男,0歳,0
2014,文化活動,男,0歳,0
2014,留学,男,0歳,0
2014,研修,男,0歳,0
2014,家族滞在,男,0歳,2726
2014,特定活動,男,0歳,88
2014,永住者,男,0歳,1553
2014,日本人の配偶者等,男,0歳,14
2014,永住者の配偶者等,男,0歳,680
2014,定住者,男,0歳,1050
2014,特別永住者,男,0歳,474
2014,教授,女,0歳,0
2014,芸術,女,0歳,0
2014,宗教,女,0歳,0
2014,報道,女,0歳,0
2014,投資・経営,女,0歳,0
2014,法律・会計業務,女,0歳,0
2014,医療,女,0歳,0
2014,研究,女,0歳,0
2014,教育,女,0歳,0
2014,技術,女,0歳,0
2014,人文知識・国際業務,女,0歳,0
2014,企業内転勤,女,0歳,0
2014,興行,女,0歳,0
2014,技能,女,0歳,0
2014,技能実習1号イ,女,0歳,0
2014,技能実習1号ロ,女,0歳,0
2014,技能実習2号イ,女,0歳,0
2014,技能実習2号ロ,女,0歳,0
2014,文化活動,女,0歳,0
2014,留学,女,0歳,0
2014,研修,女,0歳,0
2014,家族滞在,女,0歳,2543
2014,特定活動,女,0歳,78
2014,永住者,女,0歳,1366
2014,日本人の配偶者等,女,0歳,21
2014,永住者の配偶者等,女,0歳,646
2014,定住者,女,0歳,1070
2014,特別永住者,女,0歳,422
2014,教授,男,1歳,0
2014,芸術,男,1歳,0
2014,宗教,男,1歳,0
2014,報道,男,1歳,0
2014,投資・経営,男,1歳,0
2014,法律・会計業務,男,1歳,0
2014,医療,男,1歳,0
2014,研究,男,1歳,0
2014,教育,男,1歳,0
2014,技術,男,1歳,0
2014,人文知識・国際業務,男,1歳,0
2014,企業内転勤,男,1歳,0
2014,興行,男,1歳,0
2014,技能,男,1歳,0
2014,技能実習1号イ,男,1歳,0
2014,技能実習1号ロ,男,1歳,0
2014,技能実習2号イ,男,1歳,0
2014,技能実習2号ロ,男,1歳,0
2014,文化活動,男,1歳,0
2014,留学,男,1歳,0
2014,研修,男,1歳,0
2014,家族滞在,男,1歳,3294
2014,特定活動,男,1歳,113
2014,永住者,男,1歳,1784
2014,日本人の配偶者等,男,1歳,59
2014,永住者の配偶者等,男,1歳,708
2014,定住者,男,1歳,1503
2014,特別永住者,男,1歳,563
2014,教授,女,1歳,0
2014,芸術,女,1歳,0
2014,宗教,女,1歳,0
2014,報道,女,1歳,0
2014,投資・経営,女,1歳,0
2014,法律・会計業務,女,1歳,0
2014,医療,女,1歳,0
2014,研究,女,1歳,0
2014,教育,女,1歳,0
2014,技術,女,1歳,0
2014,人文知識・国際業務,女,1歳,0
2014,企業内転勤,女,1歳,0
2014,興行,女,1歳,0
2014,技能,女,1歳,0
2014,技能実習1号イ,女,1歳,0
2014,技能実習1号ロ,女,1歳,0
2014,技能実習2号イ,女,1歳,0
2014,技能実習2号ロ,女,1歳,0
2014,文化活動,女,1歳,0
2014,留学,女,1歳,0
2014,研修,女,1歳,0
2014,家族滞在,女,1歳,3080
2014,特定活動,女,1歳,113
2014,永住者,女,1歳,1685
2014,日本人の配偶者等,女,1歳,53
2014,永住者の配偶者等,女,1歳,711
2014,定住者,女,1歳,1362
2014,特別永住者,女,1歳,504
2014,教授,男,2歳,0
2014,芸術,男,2歳,0
2014,宗教,男,2歳,0
2014,報道,男,2歳,0
2014,投資・経営,男,2歳,0
2014,法律・会計業務,男,2歳,0
2014,医療,男,2歳,0
2014,研究,男,2歳,0
2014,教育,男,2歳,0
2014,技術,男,2歳,0
2014,人文知識・国際業務,男,2歳,0
2014,企業内転勤,男,2歳,0
2014,興行,男,2歳,0
2014,技能,男,2歳,0
2014,技能実習1号イ,男,2歳,0
2014,技能実習1号ロ,男,2歳,0
2014,技能実習2号イ,男,2歳,0
2014,技能実習2号ロ,男,2歳,0
2014,文化活動,男,2歳,0
2014,留学,男,2歳,0
2014,研修,男,2歳,0
2014,家族滞在,男,2歳,2972
2014,特定活動,男,2歳,67
2014,永住者,男,2歳,2192
2014,日本人の配偶者等,男,2歳,91
2014,永住者の配偶者等,男,2歳,311
2014,定住者,男,2歳,1538
2014,特別永住者,男,2歳,611
2014,教授,女,2歳,0
2014,芸術,女,2歳,0
2014,宗教,女,2歳,0
2014,報道,女,2歳,0
2014,投資・経営,女,2歳,0
2014,法律・会計業務,女,2歳,0
2014,医療,女,2歳,0
2014,研究,女,2歳,0
2014,教育,女,2歳,0
2014,技術,女,2歳,0
2014,人文知識・国際業務,女,2歳,0
2014,企業内転勤,女,2歳,0
2014,興行,女,2歳,0
2014,技能,女,2歳,0
2014,技能実習1号イ,女,2歳,0
2014,技能実習1号ロ,女,2歳,0
2014,技能実習2号イ,女,2歳,0
2014,技能実習2号ロ,女,2歳,0
2014,文化活動,女,2歳,0
2014,留学,女,2歳,0
2014,研修,女,2歳,0
2014,家族滞在,女,2歳,2782
2014,特定活動,女,2歳,62
2014,永住者,女,2歳,1922
2014,日本人の配偶者等,女,2歳,72
2014,永住者の配偶者等,女,2歳,274
2014,定住者,女,2歳,1415
2014,特別永住者,女,2歳,526
2014,教授,男,3歳,0
2014,芸術,男,3歳,0
2014,宗教,男,3歳,0
2014,報道,男,3歳,0
2014,投資・経営,男,3歳,0
2014,法律・会計業務,男,3歳,0
2014,医療,男,3歳,0
2014,研究,男,3歳,0
2014,教育,男,3歳,0
2014,技術,男,3歳,0
2014,人文知識・国際業務,男,3歳,0
2014,企業内転勤,男,3歳,0
2014,興行,男,3歳,0
2014,技能,男,3歳,0
2014,技能実習1号イ,男,3歳,0
2014,技能実習1号ロ,男,3歳,0
2014,技能実習2号イ,男,3歳,0
2014,技能実習2号ロ,男,3歳,0
2014,文化活動,男,3歳,0
2014,留学,男,3歳,0
2014,研修,男,3歳,0
2014,家族滞在,男,3歳,2434
2014,特定活動,男,3歳,92
2014,永住者,男,3歳,2223
2014,日本人の配偶者等,男,3歳,69
2014,永住者の配偶者等,男,3歳,269
2014,定住者,男,3歳,1510
2014,特別永住者,男,3歳,605
2014,教授,女,3歳,0
2014,芸術,女,3歳,0
2014,宗教,女,3歳,0
2014,報道,女,3歳,0
2014,投資・経営,女,3歳,0
2014,法律・会計業務,女,3歳,0
2014,医療,女,3歳,0
2014,研究,女,3歳,0
2014,教育,女,3歳,0
2014,技術,女,3歳,0
2014,人文知識・国際業務,女,3歳,0
2014,企業内転勤,女,3歳,0
2014,興行,女,3歳,0
2014,技能,女,3歳,0
2014,技能実習1号イ,女,3歳,0
2014,技能実習1号ロ,女,3歳,0
2014,技能実習2号イ,女,3歳,0
2014,技能実習2号ロ,女,3歳,0
2014,文化活動,女,3歳,0
2014,留学,女,3歳,0
2014,研修,女,3歳,0
2014,家族滞在,女,3歳,2265
2014,特定活動,女,3歳,62
2014,永住者,女,3歳,2063
2014,日本人の配偶者等,女,3歳,65
2014,永住者の配偶者等,女,3歳,219
2014,定住者,女,3歳,1390
2014,特別永住者,女,3歳,557
2014,教授,男,4歳,0
2014,芸術,男,4歳,0
2014,宗教,男,4歳,0
2014,報道,男,4歳,0
2014,投資・経営,男,4歳,0
2014,法律・会計業務,男,4歳,0
2014,医療,男,4歳,0
2014,研究,男,4歳,0
2014,教育,男,4歳,0
2014,技術,男,4歳,0
2014,人文知識・国際業務,男,4歳,0
2014,企業内転勤,男,4歳,0
2014,興行,男,4歳,0
2014,技能,男,4歳,0
2014,技能実習1号イ,男,4歳,0
2014,技能実習1号ロ,男,4歳,0
2014,技能実習2号イ,男,4歳,0
2014,技能実習2号ロ,男,4歳,0
2014,文化活動,男,4歳,0
2014,留学,男,4歳,0
2014,研修,男,4歳,0
2014,家族滞在,男,4歳,2035
2014,特定活動,男,4歳,60
2014,永住者,男,4歳,2235
2014,日本人の配偶者等,男,4歳,75
2014,永住者の配偶者等,男,4歳,183
2014,定住者,男,4歳,1471
2014,特別永住者,男,4歳,654
2014,教授,女,4歳,0
2014,芸術,女,4歳,0
2014,宗教,女,4歳,0
2014,報道,女,4歳,0
2014,投資・経営,女,4歳,0
2014,法律・会計業務,女,4歳,0
2014,医療,女,4歳,0
2014,研究,女,4歳,0
2014,教育,女,4歳,0
2014,技術,女,4歳,0
2014,人文知識・国際業務,女,4歳,0
2014,企業内転勤,女,4歳,0
2014,興行,女,4歳,0
2014,技能,女,4歳,0
2014,技能実習1号イ,女,4歳,0
2014,技能実習1号ロ,女,4歳,0
2014,技能実習2号イ,女,4歳,0
2014,技能実習2号ロ,女,4歳,0
2014,文化活動,女,4歳,0
2014,留学,女,4歳,0
2014,研修,女,4歳,0
2014,家族滞在,女,4歳,1923
2014,特定活動,女,4歳,44
2014,永住者,女,4歳,2114
2014,日本人の配偶者等,女,4歳,85
2014,永住者の配偶者等,女,4歳,185
2014,定住者,女,4歳,1366
2014,特別永住者,女,4歳,583
2014,教授,男,5歳,0
2014,芸術,男,5歳,0
2014,宗教,男,5歳,0
2014,報道,男,5歳,0
2014,投資・経営,男,5歳,0
2014,法律・会計業務,男,5歳,0
2014,医療,男,5歳,0
2014,研究,男,5歳,0
2014,教育,男,5歳,0
2014,技術,男,5歳,0
2014,人文知識・国際業務,男,5歳,0
2014,企業内転勤,男,5歳,0
2014,興行,男,5歳,0
2014,技能,男,5歳,0
2014,技能実習1号イ,男,5歳,0
2014,技能実習1号ロ,男,5歳,0
2014,技能実習2号イ,男,5歳,0
2014,技能実習2号ロ,男,5歳,0
2014,文化活動,男,5歳,0
2014,留学,男,5歳,0
2014,研修,男,5歳,0
2014,家族滞在,男,5歳,1819
2014,特定活動,男,5歳,34
2014,永住者,男,5歳,2477
2014,日本人の配偶者等,男,5歳,92
2014,永住者の配偶者等,男,5歳,158
2014,定住者,男,5歳,1384
2014,特別永住者,男,5歳,622
2014,教授,女,5歳,0
2014,芸術,女,5歳,0
2014,宗教,女,5歳,0
2014,報道,女,5歳,0
2014,投資・経営,女,5歳,0
2014,法律・会計業務,女,5歳,0
2014,医療,女,5歳,0
2014,研究,女,5歳,0
2014,教育,女,5歳,0
2014,技術,女,5歳,0
2014,人文知識・国際業務,女,5歳,0
2014,企業内転勤,女,5歳,0
2014,興行,女,5歳,0
2014,技能,女,5歳,0
2014,技能実習1号イ,女,5歳,0
2014,技能実習1号ロ,女,5歳,0
2014,技能実習2号イ,女,5歳,0
2014,技能実習2号ロ,女,5歳,0
2014,文化活動,女,5歳,0
2014,留学,女,5歳,0
2014,研修,女,5歳,0
2014,家族滞在,女,5歳,1668
2014,特定活動,女,5歳,37
2014,永住者,女,5歳,2347
2014,日本人の配偶者等,女,5歳,80
2014,永住者の配偶者等,女,5歳,178
2014,定住者,女,5歳,1516
2014,特別永住者,女,5歳,662
2014,教授,男,6歳,0
2014,芸術,男,6歳,0
2014,宗教,男,6歳,0
2014,報道,男,6歳,0
2014,投資・経営,男,6歳,0
2014,法律・会計業務,男,6歳,0
2014,医療,男,6歳,0
2014,研究,男,6歳,0
2014,教育,男,6歳,0
2014,技術,男,6歳,0
2014,人文知識・国際業務,男,6歳,0
2014,企業内転勤,男,6歳,0
2014,興行,男,6歳,0
2014,技能,男,6歳,0
2014,技能実習1号イ,男,6歳,0
2014,技能実習1号ロ,男,6歳,0
2014,技能実習2号イ,男,6歳,0
2014,技能実習2号ロ,男,6歳,0
2014,文化活動,男,6歳,0
2014,留学,男,6歳,0
2014,研修,男,6歳,0
2014,家族滞在,男,6歳,1533
2014,特定活動,男,6歳,35
2014,永住者,男,6歳,2540
2014,日本人の配偶者等,男,6歳,129
2014,永住者の配偶者等,男,6歳,121
2014,定住者,男,6歳,1390
2014,特別永住者,男,6歳,659
2014,教授,女,6歳,0
2014,芸術,女,6歳,0
2014,宗教,女,6歳,0
2014,報道,女,6歳,0
2014,投資・経営,女,6歳,0
2014,法律・会計業務,女,6歳,0
2014,医療,女,6歳,0
2014,研究,女,6歳,0
2014,教育,女,6歳,0
2014,技術,女,6歳,0
2014,人文知識・国際業務,女,6歳,0
2014,企業内転勤,女,6歳,0
2014,興行,女,6歳,0
2014,技能,女,6歳,0
2014,技能実習1号イ,女,6歳,0
2014,技能実習1号ロ,女,6歳,0
2014,技能実習2号イ,女,6歳,0
2014,技能実習2号ロ,女,6歳,0
2014,文化活動,女,6歳,0
2014,留学,女,6歳,0
2014,研修,女,6歳,0
2014,家族滞在,女,6歳,1397
2014,特定活動,女,6歳,41
2014,永住者,女,6歳,2494
2014,日本人の配偶者等,女,6歳,80
2014,永住者の配偶者等,女,6歳,95
2014,定住者,女,6歳,1416
2014,特別永住者,女,6歳,685
2014,教授,男,7歳,0
2014,芸術,男,7歳,0
2014,宗教,男,7歳,0
2014,報道,男,7歳,0
2014,投資・経営,男,7歳,0
2014,法律・会計業務,男,7歳,0
2014,医療,男,7歳,0
2014,研究,男,7歳,0
2014,教育,男,7歳,0
2014,技術,男,7歳,0
2014,人文知識・国際業務,男,7歳,0
2014,企業内転勤,男,7歳,0
2014,興行,男,7歳,0
2014,技能,男,7歳,0
2014,技能実習1号イ,男,7歳,0
2014,技能実習1号ロ,男,7歳,0
2014,技能実習2号イ,男,7歳,0
2014,技能実習2号ロ,男,7歳,0
2014,文化活動,男,7歳,0
2014,留学,男,7歳,0
2014,研修,男,7歳,0
2014,家族滞在,男,7歳,1240
2014,特定活動,男,7歳,22
2014,永住者,男,7歳,2521
2014,日本人の配偶者等,男,7歳,104
2014,永住者の配偶者等,男,7歳,87
2014,定住者,男,7歳,1401
2014,特別永住者,男,7歳,672
2014,教授,女,7歳,0
2014,芸術,女,7歳,0
2014,宗教,女,7歳,0
2014,報道,女,7歳,0
2014,投資・経営,女,7歳,0
2014,法律・会計業務,女,7歳,0
2014,医療,女,7歳,0
2014,研究,女,7歳,0
2014,教育,女,7歳,0
2014,技術,女,7歳,0
2014,人文知識・国際業務,女,7歳,0
2014,企業内転勤,女,7歳,0
2014,興行,女,7歳,0
2014,技能,女,7歳,0
2014,技能実習1号イ,女,7歳,0
2014,技能実習1号ロ,女,7歳,0
2014,技能実習2号イ,女,7歳,0
2014,技能実習2号ロ,女,7歳,0
2014,文化活動,女,7歳,0
2014,留学,女,7歳,1
2014,研修,女,7歳,0
2014,家族滞在,女,7歳,1206
2014,特定活動,女,7歳,34
2014,永住者,女,7歳,2339
2014,日本人の配偶者等,女,7歳,108
2014,永住者の配偶者等,女,7歳,71
2014,定住者,女,7歳,1369
2014,特別永住者,女,7歳,629
2014,教授,男,8歳,0
2014,芸術,男,8歳,0
2014,宗教,男,8歳,0
2014,報道,男,8歳,0
2014,投資・経営,男,8歳,0
2014,法律・会計業務,男,8歳,0
2014,医療,男,8歳,0
2014,研究,男,8歳,0
2014,教育,男,8歳,0
2014,技術,男,8歳,0
2014,人文知識・国際業務,男,8歳,0
2014,企業内転勤,男,8歳,0
2014,興行,男,8歳,0
2014,技能,男,8歳,0
2014,技能実習1号イ,男,8歳,0
2014,技能実習1号ロ,男,8歳,0
2014,技能実習2号イ,男,8歳,0
2014,技能実習2号ロ,男,8歳,0
2014,文化活動,男,8歳,0
2014,留学,男,8歳,0
2014,研修,男,8歳,0
2014,家族滞在,男,8歳,1068
2014,特定活動,男,8歳,26
2014,永住者,男,8歳,2376
2014,日本人の配偶者等,男,8歳,138
2014,永住者の配偶者等,男,8歳,72
2014,定住者,男,8歳,1382
2014,特別永住者,男,8歳,709
2014,教授,女,8歳,0
2014,芸術,女,8歳,0
2014,宗教,女,8歳,0
2014,報道,女,8歳,0
2014,投資・経営,女,8歳,0
2014,法律・会計業務,女,8歳,0
2014,医療,女,8歳,0
2014,研究,女,8歳,0
2014,教育,女,8歳,0
2014,技術,女,8歳,0
2014,人文知識・国際業務,女,8歳,0
2014,企業内転勤,女,8歳,0
2014,興行,女,8歳,0
2014,技能,女,8歳,0
2014,技能実習1号イ,女,8歳,0
2014,技能実習1号ロ,女,8歳,0
2014,技能実習2号イ,女,8歳,0
2014,技能実習2号ロ,女,8歳,0
2014,文化活動,女,8歳,0
2014,留学,女,8歳,0
2014,研修,女,8歳,0
2014,家族滞在,女,8歳,1059
2014,特定活動,女,8歳,21
2014,永住者,女,8歳,2283
2014,日本人の配偶者等,女,8歳,130
2014,永住者の配偶者等,女,8歳,53
2014,定住者,女,8歳,1263
2014,特別永住者,女,8歳,651
2014,教授,男,9歳,0
2014,芸術,男,9歳,0
2014,宗教,男,9歳,0
2014,報道,男,9歳,0
2014,投資・経営,男,9歳,0
2014,法律・会計業務,男,9歳,0
2014,医療,男,9歳,0
2014,研究,男,9歳,0
2014,教育,男,9歳,0
2014,技術,男,9歳,0
2014,人文知識・国際業務,男,9歳,0
2014,企業内転勤,男,9歳,0
2014,興行,男,9歳,0
2014,技能,男,9歳,0
2014,技能実習1号イ,男,9歳,0
2014,技能実習1号ロ,男,9歳,0
2014,技能実習2号イ,男,9歳,0
2014,技能実習2号ロ,男,9歳,0
2014,文化活動,男,9歳,0
2014,留学,男,9歳,2
2014,研修,男,9歳,0
2014,家族滞在,男,9歳,927
2014,特定活動,男,9歳,25
2014,永住者,男,9歳,2452
2014,日本人の配偶者等,男,9歳,123
2014,永住者の配偶者等,男,9歳,40
2014,定住者,男,9歳,1259
2014,特別永住者,男,9歳,746
2014,教授,女,9歳,0
2014,芸術,女,9歳,0
2014,宗教,女,9歳,0
2014,報道,女,9歳,0
2014,投資・経営,女,9歳,0
2014,法律・会計業務,女,9歳,0
2014,医療,女,9歳,0
2014,研究,女,9歳,0
2014,教育,女,9歳,0
2014,技術,女,9歳,0
2014,人文知識・国際業務,女,9歳,0
2014,企業内転勤,女,9歳,0
2014,興行,女,9歳,0
2014,技能,女,9歳,0
2014,技能実習1号イ,女,9歳,0
2014,技能実習1号ロ,女,9歳,0
2014,技能実習2号イ,女,9歳,0
2014,技能実習2号ロ,女,9歳,0
2014,文化活動,女,9歳,0
2014,留学,女,9歳,0
2014,研修,女,9歳,0
2014,家族滞在,女,9歳,943
2014,特定活動,女,9歳,16
2014,永住者,女,9歳,2289
2014,日本人の配偶者等,女,9歳,120
2014,永住者の配偶者等,女,9歳,33
2014,定住者,女,9歳,1248
2014,特別永住者,女,9歳,738
2014,教授,男,10歳,0
2014,芸術,男,10歳,0
2014,宗教,男,10歳,0
2014,報道,男,10歳,0
2014,投資・経営,男,10歳,0
2014,法律・会計業務,男,10歳,0
2014,医療,男,10歳,0
2014,研究,男,10歳,0
2014,教育,男,10歳,0
2014,技術,男,10歳,0
2014,人文知識・国際業務,男,10歳,0
2014,企業内転勤,男,10歳,0
2014,興行,男,10歳,0
2014,技能,男,10歳,0
2014,技能実習1号イ,男,10歳,0
2014,技能実習1号ロ,男,10歳,0
2014,技能実習2号イ,男,10歳,0
2014,技能実習2号ロ,男,10歳,0
2014,文化活動,男,10歳,0
2014,留学,男,10歳,0
2014,研修,男,10歳,0
2014,家族滞在,男,10歳,870
2014,特定活動,男,10歳,22
2014,永住者,男,10歳,2491
2014,日本人の配偶者等,男,10歳,101
2014,永住者の配偶者等,男,10歳,34
2014,定住者,男,10歳,1223
2014,特別永住者,男,10歳,739
2014,教授,女,10歳,0
2014,芸術,女,10歳,0
2014,宗教,女,10歳,0
2014,報道,女,10歳,0
2014,投資・経営,女,10歳,0
2014,法律・会計業務,女,10歳,0
2014,医療,女,10歳,0
2014,研究,女,10歳,0
2014,教育,女,10歳,0
2014,技術,女,10歳,0
2014,人文知識・国際業務,女,10歳,0
2014,企業内転勤,女,10歳,0
2014,興行,女,10歳,0
2014,技能,女,10歳,0
2014,技能実習1号イ,女,10歳,0
2014,技能実習1号ロ,女,10歳,0
2014,技能実習2号イ,女,10歳,0
2014,技能実習2号ロ,女,10歳,0
2014,文化活動,女,10歳,0
2014,留学,女,10歳,1
2014,研修,女,10歳,0
2014,家族滞在,女,10歳,761
2014,特定活動,女,10歳,9
2014,永住者,女,10歳,2257
2014,日本人の配偶者等,女,10歳,96
2014,永住者の配偶者等,女,10歳,20
2014,定住者,女,10歳,1211
2014,特別永住者,女,10歳,770
2014,教授,男,11歳,0
2014,芸術,男,11歳,0
2014,宗教,男,11歳,0
2014,報道,男,11歳,0
2014,投資・経営,男,11歳,0
2014,法律・会計業務,男,11歳,0
2014,医療,男,11歳,0
2014,研究,男,11歳,0
2014,教育,男,11歳,0
2014,技術,男,11歳,0
2014,人文知識・国際業務,男,11歳,0
2014,企業内転勤,男,11歳,0
2014,興行,男,11歳,0
2014,技能,男,11歳,0
2014,技能実習1号イ,男,11歳,0
2014,技能実習1号ロ,男,11歳,0
2014,技能実習2号イ,男,11歳,0
2014,技能実習2号ロ,男,11歳,0
2014,文化活動,男,11歳,0
2014,留学,男,11歳,0
2014,研修,男,11歳,0
2014,家族滞在,男,11歳,821
2014,特定活動,男,11歳,19
2014,永住者,男,11歳,2501
2014,日本人の配偶者等,男,11歳,84
2014,永住者の配偶者等,男,11歳,22
2014,定住者,男,11歳,1193
2014,特別永住者,男,11歳,845
2014,教授,女,11歳,0
2014,芸術,女,11歳,0
2014,宗教,女,11歳,0
2014,報道,女,11歳,0
2014,投資・経営,女,11歳,0
2014,法律・会計業務,女,11歳,0
2014,医療,女,11歳,0
2014,研究,女,11歳,0
2014,教育,女,11歳,0
2014,技術,女,11歳,0
2014,人文知識・国際業務,女,11歳,0
2014,企業内転勤,女,11歳,0
2014,興行,女,11歳,0
2014,技能,女,11歳,0
2014,技能実習1号イ,女,11歳,0
2014,技能実習1号ロ,女,11歳,0
2014,技能実習2号イ,女,11歳,0
2014,技能実習2号ロ,女,11歳,0
2014,文化活動,女,11歳,0
2014,留学,女,11歳,1
2014,研修,女,11歳,0
2014,家族滞在,女,11歳,724
2014,特定活動,女,11歳,22
2014,永住者,女,11歳,2335
2014,日本人の配偶者等,女,11歳,93
2014,永住者の配偶者等,女,11歳,17
2014,定住者,女,11歳,1222
2014,特別永住者,女,11歳,812
2014,教授,男,12歳,0
2014,芸術,男,12歳,0
2014,宗教,男,12歳,0
2014,報道,男,12歳,0
2014,投資・経営,男,12歳,0
2014,法律・会計業務,男,12歳,0
2014,医療,男,12歳,0
2014,研究,男,12歳,0
2014,教育,男,12歳,0
2014,技術,男,12歳,0
2014,人文知識・国際業務,男,12歳,0
2014,企業内転勤,男,12歳,0
2014,興行,男,12歳,0
2014,技能,男,12歳,0
2014,技能実習1号イ,男,12歳,0
2014,技能実習1号ロ,男,12歳,0
2014,技能実習2号イ,男,12歳,0
2014,技能実習2号ロ,男,12歳,0
2014,文化活動,男,12歳,0
2014,留学,男,12歳,0
2014,研修,男,12歳,0
2014,家族滞在,男,12歳,840
2014,特定活動,男,12歳,19
2014,永住者,男,12歳,2452
2014,日本人の配偶者等,男,12歳,112
2014,永住者の配偶者等,男,12歳,11
2014,定住者,男,12歳,1173
2014,特別永住者,男,12歳,888
2014,教授,女,12歳,0
2014,芸術,女,12歳,0
2014,宗教,女,12歳,0
2014,報道,女,12歳,0
2014,投資・経営,女,12歳,0
2014,法律・会計業務,女,12歳,0
2014,医療,女,12歳,0
2014,研究,女,12歳,0
2014,教育,女,12歳,0
2014,技術,女,12歳,0
2014,人文知識・国際業務,女,12歳,0
2014,企業内転勤,女,12歳,0
2014,興行,女,12歳,2
2014,技能,女,12歳,0
2014,技能実習1号イ,女,12歳,0
2014,技能実習1号ロ,女,12歳,0
2014,技能実習2号イ,女,12歳,0
2014,技能実習2号ロ,女,12歳,0
2014,文化活動,女,12歳,0
2014,留学,女,12歳,0
2014,研修,女,12歳,0
2014,家族滞在,女,12歳,724
2014,特定活動,女,12歳,20
2014,永住者,女,12歳,2329
2014,日本人の配偶者等,女,12歳,94
2014,永住者の配偶者等,女,12歳,12
2014,定住者,女,12歳,1219
2014,特別永住者,女,12歳,852
2014,教授,男,13歳,0
2014,芸術,男,13歳,0
2014,宗教,男,13歳,0
2014,報道,男,13歳,0
2014,投資・経営,男,13歳,0
2014,法律・会計業務,男,13歳,0
2014,医療,男,13歳,0
2014,研究,男,13歳,0
2014,教育,男,13歳,0
2014,技術,男,13歳,0
2014,人文知識・国際業務,男,13歳,0
2014,企業内転勤,男,13歳,0
2014,興行,男,13歳,0
2014,技能,男,13歳,0
2014,技能実習1号イ,男,13歳,0
2014,技能実習1号ロ,男,13歳,0
2014,技能実習2号イ,男,13歳,0
2014,技能実習2号ロ,男,13歳,0
2014,文化活動,男,13歳,0
2014,留学,男,13歳,0
2014,研修,男,13歳,0
2014,家族滞在,男,13歳,823
2014,特定活動,男,13歳,21
2014,永住者,男,13歳,2630
2014,日本人の配偶者等,男,13歳,95
2014,永住者の配偶者等,男,13歳,4
2014,定住者,男,13歳,1319
2014,特別永住者,男,13歳,1006
2014,教授,女,13歳,0
2014,芸術,女,13歳,0
2014,宗教,女,13歳,0
2014,報道,女,13歳,0
2014,投資・経営,女,13歳,0
2014,法律・会計業務,女,13歳,0
2014,医療,女,13歳,0
2014,研究,女,13歳,0
2014,教育,女,13歳,0
2014,技術,女,13歳,0
2014,人文知識・国際業務,女,13歳,0
2014,企業内転勤,女,13歳,0
2014,興行,女,13歳,0
2014,技能,女,13歳,0
2014,技能実習1号イ,女,13歳,0
2014,技能実習1号ロ,女,13歳,0
2014,技能実習2号イ,女,13歳,0
2014,技能実習2号ロ,女,13歳,0
2014,文化活動,女,13歳,1
2014,留学,女,13歳,0
2014,研修,女,13歳,0
2014,家族滞在,女,13歳,721
2014,特定活動,女,13歳,28
2014,永住者,女,13歳,2511
2014,日本人の配偶者等,女,13歳,90
2014,永住者の配偶者等,女,13歳,1
2014,定住者,女,13歳,1248
2014,特別永住者,女,13歳,911
2014,教授,男,14歳,0
2014,芸術,男,14歳,0
2014,宗教,男,14歳,0
2014,報道,男,14歳,0
2014,投資・経営,男,14歳,0
2014,法律・会計業務,男,14歳,0
2014,医療,男,14歳,0
2014,研究,男,14歳,0
2014,教育,男,14歳,0
2014,技術,男,14歳,0
2014,人文知識・国際業務,男,14歳,0
2014,企業内転勤,男,14歳,0
2014,興行,男,14歳,2
2014,技能,男,14歳,0
2014,技能実習1号イ,男,14歳,0
2014,技能実習1号ロ,男,14歳,0
2014,技能実習2号イ,男,14歳,0
2014,技能実習2号ロ,男,14歳,0
2014,文化活動,男,14歳,0
2014,留学,男,14歳,5
2014,研修,男,14歳,0
2014,家族滞在,男,14歳,796
2014,特定活動,男,14歳,31
2014,永住者,男,14歳,2609
2014,日本人の配偶者等,男,14歳,84
2014,永住者の配偶者等,男,14歳,10
2014,定住者,男,14歳,1275
2014,特別永住者,男,14歳,1028
2014,教授,女,14歳,0
2014,芸術,女,14歳,0
2014,宗教,女,14歳,0
2014,報道,女,14歳,0
2014,投資・経営,女,14歳,0
2014,法律・会計業務,女,14歳,0
2014,医療,女,14歳,0
2014,研究,女,14歳,0
2014,教育,女,14歳,0
2014,技術,女,14歳,0
2014,人文知識・国際業務,女,14歳,0
2014,企業内転勤,女,14歳,0
2014,興行,女,14歳,3
2014,技能,女,14歳,0
2014,技能実習1号イ,女,14歳,0
2014,技能実習1号ロ,女,14歳,0
2014,技能実習2号イ,女,14歳,0
2014,技能実習2号ロ,女,14歳,0
2014,文化活動,女,14歳,0
2014,留学,女,14歳,4
2014,研修,女,14歳,0
2014,家族滞在,女,14歳,682
2014,特定活動,女,14歳,14
2014,永住者,女,14歳,2618
2014,日本人の配偶者等,女,14歳,84
2014,永住者の配偶者等,女,14歳,3
2014,定住者,女,14歳,1376
2014,特別永住者,女,14歳,968
2014,教授,男,15歳,0
2014,芸術,男,15歳,0
2014,宗教,男,15歳,1
2014,報道,男,15歳,0
2014,投資・経営,男,15歳,0
2014,法律・会計業務,男,15歳,0
2014,医療,男,15歳,0
2014,研究,男,15歳,0
2014,教育,男,15歳,0
2014,技術,男,15歳,0
2014,人文知識・国際業務,男,15歳,0
2014,企業内転勤,男,15歳,0
2014,興行,男,15歳,2
2014,技能,男,15歳,0
2014,技能実習1号イ,男,15歳,0
2014,技能実習1号ロ,男,15歳,0
2014,技能実習2号イ,男,15歳,0
2014,技能実習2号ロ,男,15歳,0
2014,文化活動,男,15歳,1
2014,留学,男,15歳,89
2014,研修,男,15歳,0
2014,家族滞在,男,15歳,832
2014,特定活動,男,15歳,21
2014,永住者,男,15歳,2657
2014,日本人の配偶者等,男,15歳,83
2014,永住者の配偶者等,男,15歳,1
2014,定住者,男,15歳,1309
2014,特別永住者,男,15歳,1101
2014,教授,女,15歳,0
2014,芸術,女,15歳,0
2014,宗教,女,15歳,0
2014,報道,女,15歳,0
2014,投資・経営,女,15歳,0
2014,法律・会計業務,女,15歳,0
2014,医療,女,15歳,0
2014,研究,女,15歳,0
2014,教育,女,15歳,0
2014,技術,女,15歳,0
2014,人文知識・国際業務,女,15歳,0
2014,企業内転勤,女,15歳,0
2014,興行,女,15歳,3
2014,技能,女,15歳,0
2014,技能実習1号イ,女,15歳,0
2014,技能実習1号ロ,女,15歳,0
2014,技能実習2号イ,女,15歳,0
2014,技能実習2号ロ,女,15歳,0
2014,文化活動,女,15歳,0
2014,留学,女,15歳,90
2014,研修,女,15歳,0
2014,家族滞在,女,15歳,701
2014,特定活動,女,15歳,11
2014,永住者,女,15歳,2533
2014,日本人の配偶者等,女,15歳,82
2014,永住者の配偶者等,女,15歳,1
2014,定住者,女,15歳,1335
2014,特別永住者,女,15歳,1026
2014,教授,男,16歳,0
2014,芸術,男,16歳,0
2014,宗教,男,16歳,0
2014,報道,男,16歳,0
2014,投資・経営,男,16歳,0
2014,法律・会計業務,男,16歳,0
2014,医療,男,16歳,0
2014,研究,男,16歳,0
2014,教育,男,16歳,0
2014,技術,男,16歳,0
2014,人文知識・国際業務,男,16歳,0
2014,企業内転勤,男,16歳,0
2014,興行,男,16歳,5
2014,技能,男,16歳,0
2014,技能実習1号イ,男,16歳,0
2014,技能実習1号ロ,男,16歳,0
2014,技能実習2号イ,男,16歳,0
2014,技能実習2号ロ,男,16歳,0
2014,文化活動,男,16歳,1
2014,留学,男,16歳,239
2014,研修,男,16歳,0
2014,家族滞在,男,16歳,822
2014,特定活動,男,16歳,32
2014,永住者,男,16歳,2634
2014,日本人の配偶者等,男,16歳,74
2014,永住者の配偶者等,男,16歳,1
2014,定住者,男,16歳,1461
2014,特別永住者,男,16歳,1110
2014,教授,女,16歳,0
2014,芸術,女,16歳,0
2014,宗教,女,16歳,0
2014,報道,女,16歳,0
2014,投資・経営,女,16歳,0
2014,法律・会計業務,女,16歳,0
2014,医療,女,16歳,0
2014,研究,女,16歳,0
2014,教育,女,16歳,0
2014,技術,女,16歳,0
2014,人文知識・国際業務,女,16歳,0
2014,企業内転勤,女,16歳,0
2014,興行,女,16歳,2
2014,技能,女,16歳,0
2014,技能実習1号イ,女,16歳,0
2014,技能実習1号ロ,女,16歳,0
2014,技能実習2号イ,女,16歳,0
2014,技能実習2号ロ,女,16歳,0
2014,文化活動,女,16歳,2
2014,留学,女,16歳,232
2014,研修,女,16歳,0
2014,家族滞在,女,16歳,690
2014,特定活動,女,16歳,12
2014,永住者,女,16歳,2608
2014,日本人の配偶者等,女,16歳,91
2014,永住者の配偶者等,女,16歳,1
2014,定住者,女,16歳,1471
2014,特別永住者,女,16歳,1061
2014,教授,男,17歳,0
2014,芸術,男,17歳,0
2014,宗教,男,17歳,0
2014,報道,男,17歳,0
2014,投資・経営,男,17歳,0
2014,法律・会計業務,男,17歳,0
2014,医療,男,17歳,0
2014,研究,男,17歳,0
2014,教育,男,17歳,0
2014,技術,男,17歳,0
2014,人文知識・国際業務,男,17歳,0
2014,企業内転勤,男,17歳,0
2014,興行,男,17歳,4
2014,技能,男,17歳,0
2014,技能実習1号イ,男,17歳,0
2014,技能実習1号ロ,男,17歳,0
2014,技能実習2号イ,男,17歳,0
2014,技能実習2号ロ,男,17歳,0
2014,文化活動,男,17歳,0
2014,留学,男,17歳,499
2014,研修,男,17歳,0
2014,家族滞在,男,17歳,853
2014,特定活動,男,17歳,49
2014,永住者,男,17歳,2645
2014,日本人の配偶者等,男,17歳,80
2014,永住者の配偶者等,男,17歳,3
2014,定住者,男,17歳,1554
2014,特別永住者,男,17歳,1173
2014,教授,女,17歳,0
2014,芸術,女,17歳,0
2014,宗教,女,17歳,0
2014,報道,女,17歳,0
2014,投資・経営,女,17歳,0
2014,法律・会計業務,女,17歳,0
2014,医療,女,17歳,0
2014,研究,女,17歳,0
2014,教育,女,17歳,0
2014,技術,女,17歳,0
2014,人文知識・国際業務,女,17歳,0
2014,企業内転勤,女,17歳,0
2014,興行,女,17歳,5
2014,技能,女,17歳,0
2014,技能実習1号イ,女,17歳,0
2014,技能実習1号ロ,女,17歳,0
2014,技能実習2号イ,女,17歳,0
2014,技能実習2号ロ,女,17歳,0
2014,文化活動,女,17歳,1
2014,留学,女,17歳,472
2014,研修,女,17歳,0
2014,家族滞在,女,17歳,700
2014,特定活動,女,17歳,10
2014,永住者,女,17歳,2602
2014,日本人の配偶者等,女,17歳,90
2014,永住者の配偶者等,女,17歳,2
2014,定住者,女,17歳,1486
2014,特別永住者,女,17歳,1136
2014,教授,男,18歳,0
2014,芸術,男,18歳,0
2014,宗教,男,18歳,38
2014,報道,男,18歳,0
2014,投資・経営,男,18歳,1
2014,法律・会計業務,男,18歳,0
2014,医療,男,18歳,0
2014,研究,男,18歳,0
2014,教育,男,18歳,0
2014,技術,男,18歳,0
2014,人文知識・国際業務,男,18歳,0
2014,企業内転勤,男,18歳,0
2014,興行,男,18歳,10
2014,技能,男,18歳,1
2014,技能実習1号イ,男,18歳,5
2014,技能実習1号ロ,男,18歳,255
2014,技能実習2号イ,男,18歳,0
2014,技能実習2号ロ,男,18歳,0
2014,文化活動,男,18歳,3
2014,留学,男,18歳,2535
2014,研修,男,18歳,1
2014,家族滞在,男,18歳,839
2014,特定活動,男,18歳,68
2014,永住者,男,18歳,2631
2014,日本人の配偶者等,男,18歳,86
2014,永住者の配偶者等,男,18歳,2
2014,定住者,男,18歳,1616
2014,特別永住者,男,18歳,1200
2014,教授,女,18歳,0
2014,芸術,女,18歳,0
2014,宗教,女,18歳,2
2014,報道,女,18歳,0
2014,投資・経営,女,18歳,0
2014,法律・会計業務,女,18歳,0
2014,医療,女,18歳,0
2014,研究,女,18歳,0
2014,教育,女,18歳,0
2014,技術,女,18歳,0
2014,人文知識・国際業務,女,18歳,0
2014,企業内転勤,女,18歳,0
2014,興行,女,18歳,6
2014,技能,女,18歳,0
2014,技能実習1号イ,女,18歳,19
2014,技能実習1号ロ,女,18歳,1057
2014,技能実習2号イ,女,18歳,0
2014,技能実習2号ロ,女,18歳,0
2014,文化活動,女,18歳,3
2014,留学,女,18歳,2228
2014,研修,女,18歳,2
2014,家族滞在,女,18歳,720
2014,特定活動,女,18歳,35
2014,永住者,女,18歳,2484
2014,日本人の配偶者等,女,18歳,106
2014,永住者の配偶者等,女,18歳,12
2014,定住者,女,18歳,1545
2014,特別永住者,女,18歳,1202
2014,教授,男,19歳,0
2014,芸術,男,19歳,0
2014,宗教,男,19歳,259
2014,報道,男,19歳,0
2014,投資・経営,男,19歳,0
2014,法律・会計業務,男,19歳,0
2014,医療,男,19歳,0
2014,研究,男,19歳,0
2014,教育,男,19歳,0
2014,技術,男,19歳,0
2014,人文知識・国際業務,男,19歳,2
2014,企業内転勤,男,19歳,2
2014,興行,男,19歳,17
2014,技能,男,19歳,0
2014,技能実習1号イ,男,19歳,22
2014,技能実習1号ロ,男,19歳,1345
2014,技能実習2号イ,男,19歳,3
2014,技能実習2号ロ,男,19歳,155
2014,文化活動,男,19歳,6
2014,留学,男,19歳,6006
2014,研修,男,19歳,8
2014,家族滞在,男,19歳,772
2014,特定活動,男,19歳,150
2014,永住者,男,19歳,2568
2014,日本人の配偶者等,男,19歳,98
2014,永住者の配偶者等,男,19歳,4
2014,定住者,男,19歳,1634
2014,特別永住者,男,19歳,1345
2014,教授,女,19歳,0
2014,芸術,女,19歳,0
2014,宗教,女,19歳,53
2014,報道,女,19歳,0
2014,投資・経営,女,19歳,0
2014,法律・会計業務,女,19歳,0
2014,医療,女,19歳,0
2014,研究,女,19歳,0
2014,教育,女,19歳,0
2014,技術,女,19歳,0
2014,人文知識・国際業務,女,19歳,0
2014,企業内転勤,女,19歳,1
2014,興行,女,19歳,15
2014,技能,女,19歳,0
2014,技能実習1号イ,女,19歳,55
2014,技能実習1号ロ,女,19歳,2501
2014,技能実習2号イ,女,19歳,12
2014,技能実習2号ロ,女,19歳,628
2014,文化活動,女,19歳,8
2014,留学,女,19歳,4964
2014,研修,女,19歳,2
2014,家族滞在,女,19歳,669
2014,特定活動,女,19歳,116
2014,永住者,女,19歳,2396
2014,日本人の配偶者等,女,19歳,190
2014,永住者の配偶者等,女,19歳,20
2014,定住者,女,19歳,1550
2014,特別永住者,女,19歳,1282
2014,教授,男,20歳,0
2014,芸術,男,20歳,0
2014,宗教,男,20歳,243
2014,報道,男,20歳,0
2014,投資・経営,男,20歳,4
2014,法律・会計業務,男,20歳,0
2014,医療,男,20歳,0
2014,研究,男,20歳,0
2014,教育,男,20歳,0
2014,技術,男,20歳,5
2014,人文知識・国際業務,男,20歳,7
2014,企業内転勤,男,20歳,4
2014,興行,男,20歳,27
2014,技能,男,20歳,0
2014,技能実習1号イ,男,20歳,54
2014,技能実習1号ロ,男,20歳,2100
2014,技能実習2号イ,男,20歳,20
2014,技能実習2号ロ,男,20歳,983
2014,文化活動,男,20歳,26
2014,留学,男,20歳,7816
2014,研修,男,20歳,8
2014,家族滞在,男,20歳,707
2014,特定活動,男,20歳,171
2014,永住者,男,20歳,2397
2014,日本人の配偶者等,男,20歳,100
2014,永住者の配偶者等,男,20歳,9
2014,定住者,男,20歳,1547
2014,特別永住者,男,20歳,1370
2014,教授,女,20歳,0
2014,芸術,女,20歳,0
2014,宗教,女,20歳,133
2014,報道,女,20歳,0
2014,投資・経営,女,20歳,2
2014,法律・会計業務,女,20歳,0
2014,医療,女,20歳,0
2014,研究,女,20歳,0
2014,教育,女,20歳,1
2014,技術,女,20歳,0
2014,人文知識・国際業務,女,20歳,6
2014,企業内転勤,女,20歳,2
2014,興行,女,20歳,28
2014,技能,女,20歳,0
2014,技能実習1号イ,女,20歳,59
2014,技能実習1号ロ,女,20歳,2208
2014,技能実習2号イ,女,20歳,42
2014,技能実習2号ロ,女,20歳,2809
2014,文化活動,女,20歳,22
2014,留学,女,20歳,6719
2014,研修,女,20歳,6
2014,家族滞在,女,20歳,641
2014,特定活動,女,20歳,226
2014,永住者,女,20歳,2365
2014,日本人の配偶者等,女,20歳,231
2014,永住者の配偶者等,女,20歳,46
2014,定住者,女,20歳,1499
2014,特別永住者,女,20歳,1352
2014,教授,男,21歳,1
2014,芸術,男,21歳,0
2014,宗教,男,21歳,104
2014,報道,男,21歳,0
2014,投資・経営,男,21歳,7
2014,法律・会計業務,男,21歳,0
2014,医療,男,21歳,0
2014,研究,男,21歳,0
2014,教育,男,21歳,8
2014,技術,男,21歳,21
2014,人文知識・国際業務,男,21歳,31
2014,企業内転勤,男,21歳,11
2014,興行,男,21歳,36
2014,技能,男,21歳,5
2014,技能実習1号イ,男,21歳,78
2014,技能実習1号ロ,男,21歳,2771
2014,技能実習2号イ,男,21歳,48
2014,技能実習2号ロ,男,21歳,2104
2014,文化活動,男,21歳,50
2014,留学,男,21歳,9147
2014,研修,男,21歳,9
2014,家族滞在,男,21歳,596
2014,特定活動,男,21歳,250
2014,永住者,男,21歳,2343
2014,日本人の配偶者等,男,21歳,115
2014,永住者の配偶者等,男,21歳,23
2014,定住者,男,21歳,1551
2014,特別永住者,男,21歳,1440
2014,教授,女,21歳,0
2014,芸術,女,21歳,3
2014,宗教,女,21歳,111
2014,報道,女,21歳,0
2014,投資・経営,女,21歳,4
2014,法律・会計業務,女,21歳,0
2014,医療,女,21歳,1
2014,研究,女,21歳,0
2014,教育,女,21歳,10
2014,技術,女,21歳,21
2014,人文知識・国際業務,女,21歳,66
2014,企業内転勤,女,21歳,7
2014,興行,女,21歳,58
2014,技能,女,21歳,0
2014,技能実習1号イ,女,21歳,94
2014,技能実習1号ロ,女,21歳,1996
2014,技能実習2号イ,女,21歳,72
2014,技能実習2号ロ,女,21歳,4092
2014,文化活動,女,21歳,34
2014,留学,女,21歳,9109
2014,研修,女,21歳,7
2014,家族滞在,女,21歳,723
2014,特定活動,女,21歳,286
2014,永住者,女,21歳,2334
2014,日本人の配偶者等,女,21歳,405
2014,永住者の配偶者等,女,21歳,100
2014,定住者,女,21歳,1517
2014,特別永住者,女,21歳,1284
2014,教授,男,22歳,6
2014,芸術,男,22歳,1
2014,宗教,男,22歳,26
2014,報道,男,22歳,0
2014,投資・経営,男,22歳,35
2014,法律・会計業務,男,22歳,0
2014,医療,男,22歳,0
2014,研究,男,22歳,1
2014,教育,男,22歳,75
2014,技術,男,22歳,146
2014,人文知識・国際業務,男,22歳,188
2014,企業内転勤,男,22歳,16
2014,興行,男,22歳,49
2014,技能,男,22歳,3
2014,技能実習1号イ,男,22歳,115
2014,技能実習1号ロ,男,22歳,3015
2014,技能実習2号イ,男,22歳,94
2014,技能実習2号ロ,男,22歳,3206
2014,文化活動,男,22歳,70
2014,留学,男,22歳,10495
2014,研修,男,22歳,38
2014,家族滞在,男,22歳,422
2014,特定活動,男,22歳,457
2014,永住者,男,22歳,2267
2014,日本人の配偶者等,男,22歳,152
2014,永住者の配偶者等,男,22歳,32
2014,定住者,男,22歳,1598
2014,特別永住者,男,22歳,1461
2014,教授,女,22歳,4
2014,芸術,女,22歳,4
2014,宗教,女,22歳,72
2014,報道,女,22歳,1
2014,投資・経営,女,22歳,6
2014,法律・会計業務,女,22歳,0
2014,医療,女,22歳,8
2014,研究,女,22歳,0
2014,教育,女,22歳,117
2014,技術,女,22歳,67
2014,人文知識・国際業務,女,22歳,323
2014,企業内転勤,女,22歳,13
2014,興行,女,22歳,66
2014,技能,女,22歳,1
2014,技能実習1号イ,女,22歳,85
2014,技能実習1号ロ,女,22歳,1887
2014,技能実習2号イ,女,22歳,93
2014,技能実習2号ロ,女,22歳,3757
2014,文化活動,女,22歳,39
2014,留学,女,22歳,9738
2014,研修,女,22歳,16
2014,家族滞在,女,22歳,800
2014,特定活動,女,22歳,475
2014,永住者,女,22歳,2353
2014,日本人の配偶者等,女,22歳,635
2014,永住者の配偶者等,女,22歳,158
2014,定住者,女,22歳,1580
2014,特別永住者,女,22歳,1406
2014,教授,男,23歳,7
2014,芸術,男,23歳,2
2014,宗教,男,23歳,23
2014,報道,男,23歳,0
2014,投資・経営,男,23歳,63
2014,法律・会計業務,男,23歳,0
2014,医療,男,23歳,1
2014,研究,男,23歳,0
2014,教育,男,23歳,274
2014,技術,男,23歳,551
2014,人文知識・国際業務,男,23歳,583
2014,企業内転勤,男,23歳,102
2014,興行,男,23歳,46
2014,技能,男,23歳,5
2014,技能実習1号イ,男,23歳,122
2014,技能実習1号ロ,男,23歳,3216
2014,技能実習2号イ,男,23歳,102
2014,技能実習2号ロ,男,23歳,4353
2014,文化活動,男,23歳,63
2014,留学,男,23歳,12501
2014,研修,男,23歳,55
2014,家族滞在,男,23歳,411
2014,特定活動,男,23歳,647
2014,永住者,男,23歳,2514
2014,日本人の配偶者等,男,23歳,286
2014,永住者の配偶者等,男,23歳,94
2014,定住者,男,23歳,1693
2014,特別永住者,男,23歳,1490
2014,教授,女,23歳,7
2014,芸術,女,23歳,6
2014,宗教,女,23歳,52
2014,報道,女,23歳,0
2014,投資・経営,女,23歳,29
2014,法律・会計業務,女,23歳,0
2014,医療,女,23歳,24
2014,研究,女,23歳,1
2014,教育,女,23歳,416
2014,技術,女,23歳,189
2014,人文知識・国際業務,女,23歳,1057
2014,企業内転勤,女,23歳,49
2014,興行,女,23歳,71
2014,技能,女,23歳,3
2014,技能実習1号イ,女,23歳,117
2014,技能実習1号ロ,女,23歳,1918
2014,技能実習2号イ,女,23歳,79
2014,技能実習2号ロ,女,23歳,3668
2014,文化活動,女,23歳,49
2014,留学,女,23歳,10768
2014,研修,女,23歳,23
2014,家族滞在,女,23歳,995
2014,特定活動,女,23歳,706
2014,永住者,女,23歳,2448
2014,日本人の配偶者等,女,23歳,925
2014,永住者の配偶者等,女,23歳,294
2014,定住者,女,23歳,1654
2014,特別永住者,女,23歳,1524
2014,教授,男,24歳,14
2014,芸術,男,24歳,1
2014,宗教,男,24歳,28
2014,報道,男,24歳,0
2014,投資・経営,男,24歳,128
2014,法律・会計業務,男,24歳,0
2014,医療,男,24歳,6
2014,研究,男,24歳,2
2014,教育,男,24歳,413
2014,技術,男,24歳,1126
2014,人文知識・国際業務,男,24歳,1174
2014,企業内転勤,男,24歳,293
2014,興行,男,24歳,87
2014,技能,男,24歳,19
2014,技能実習1号イ,男,24歳,189
2014,技能実習1号ロ,男,24歳,3348
2014,技能実習2号イ,男,24歳,141
2014,技能実習2号ロ,男,24歳,4791
2014,文化活動,男,24歳,73
2014,留学,男,24歳,13269
2014,研修,男,24歳,78
2014,家族滞在,男,24歳,485
2014,特定活動,男,24歳,835
2014,永住者,男,24歳,2704
2014,日本人の配偶者等,男,24歳,391
2014,永住者の配偶者等,男,24歳,126
2014,定住者,男,24歳,1761
2014,特別永住者,男,24歳,1618
2014,教授,女,24歳,10
2014,芸術,女,24歳,4
2014,宗教,女,24歳,49
2014,報道,女,24歳,2
2014,投資・経営,女,24歳,65
2014,法律・会計業務,女,24歳,0
2014,医療,女,24歳,63
2014,研究,女,24歳,5
2014,教育,女,24歳,482
2014,技術,女,24歳,332
2014,人文知識・国際業務,女,24歳,1849
2014,企業内転勤,女,24歳,157
2014,興行,女,24歳,75
2014,技能,女,24歳,5
2014,技能実習1号イ,女,24歳,153
2014,技能実習1号ロ,女,24歳,2135
2014,技能実習2号イ,女,24歳,97
2014,技能実習2号ロ,女,24歳,3807
2014,文化活動,女,24歳,68
2014,留学,女,24歳,11067
2014,研修,女,24歳,54
2014,家族滞在,女,24歳,1469
2014,特定活動,女,24歳,850
2014,永住者,女,24歳,2705
2014,日本人の配偶者等,女,24歳,1421
2014,永住者の配偶者等,女,24歳,409
2014,定住者,女,24歳,1697
2014,特別永住者,女,24歳,1525
2014,教授,男,25歳,35
2014,芸術,男,25歳,6
2014,宗教,男,25歳,26
2014,報道,男,25歳,1
2014,投資・経営,男,25歳,174
2014,法律・会計業務,男,25歳,0
2014,医療,男,25歳,9
2014,研究,男,25歳,6
2014,教育,男,25歳,460
2014,技術,男,25歳,1633
2014,人文知識・国際業務,男,25歳,1968
2014,企業内転勤,男,25歳,379
2014,興行,男,25歳,78
2014,技能,男,25歳,35
2014,技能実習1号イ,男,25歳,174
2014,技能実習1号ロ,男,25歳,2941
2014,技能実習2号イ,男,25歳,147
2014,技能実習2号ロ,男,25歳,4329
2014,文化活動,男,25歳,88
2014,留学,男,25歳,11348
2014,研修,男,25歳,85
2014,家族滞在,男,25歳,504
2014,特定活動,男,25歳,891
2014,永住者,男,25歳,2763
2014,日本人の配偶者等,男,25歳,588
2014,永住者の配偶者等,男,25歳,196
2014,定住者,男,25歳,1812
2014,特別永住者,男,25歳,1714
2014,教授,女,25歳,16
2014,芸術,女,25歳,6
2014,宗教,女,25歳,31
2014,報道,女,25歳,1
2014,投資・経営,女,25歳,86
2014,法律・会計業務,女,25歳,0
2014,医療,女,25歳,97
2014,研究,女,25歳,6
2014,教育,女,25歳,461
2014,技術,女,25歳,527
2014,人文知識・国際業務,女,25歳,2528
2014,企業内転勤,女,25歳,200
2014,興行,女,25歳,66
2014,技能,女,25歳,4
2014,技能実習1号イ,女,25歳,115
2014,技能実習1号ロ,女,25歳,1931
2014,技能実習2号イ,女,25歳,88
2014,技能実習2号ロ,女,25歳,3109
2014,文化活動,女,25歳,43
2014,留学,女,25歳,9022
2014,研修,女,25歳,44
2014,家族滞在,女,25歳,2024
2014,特定活動,女,25歳,909
2014,永住者,女,25歳,2883
2014,日本人の配偶者等,女,25歳,1811
2014,永住者の配偶者等,女,25歳,475
2014,定住者,女,25歳,1834
2014,特別永住者,女,25歳,1690
2014,教授,男,26歳,49
2014,芸術,男,26歳,6
2014,宗教,男,26歳,22
2014,報道,男,26歳,1
2014,投資・経営,男,26歳,201
2014,法律・会計業務,男,26歳,0
2014,医療,男,26歳,8
2014,研究,男,26歳,14
2014,教育,男,26歳,451
2014,技術,男,26歳,1890
2014,人文知識・国際業務,男,26歳,2339
2014,企業内転勤,男,26歳,473
2014,興行,男,26歳,72
2014,技能,男,26歳,85
2014,技能実習1号イ,男,26歳,162
2014,技能実習1号ロ,男,26歳,2533
2014,技能実習2号イ,男,26歳,157
2014,技能実習2号ロ,男,26歳,3930
2014,文化活動,男,26歳,85
2014,留学,男,26歳,8591
2014,研修,男,26歳,92
2014,家族滞在,男,26歳,555
2014,特定活動,男,26歳,912
2014,永住者,男,26歳,2755
2014,日本人の配偶者等,男,26歳,760
2014,永住者の配偶者等,男,26歳,251
2014,定住者,男,26歳,1928
2014,特別永住者,男,26歳,1767
2014,教授,女,26歳,32
2014,芸術,女,26歳,4
2014,宗教,女,26歳,38
2014,報道,女,26歳,2
2014,投資・経営,女,26歳,76
2014,法律・会計業務,女,26歳,0
2014,医療,女,26歳,86
2014,研究,女,26歳,15
2014,教育,女,26歳,370
2014,技術,女,26歳,632
2014,人文知識・国際業務,女,26歳,2990
2014,企業内転勤,女,26歳,221
2014,興行,女,26歳,60
2014,技能,女,26歳,9
2014,技能実習1号イ,女,26歳,125
2014,技能実習1号ロ,女,26歳,2058
2014,技能実習2号イ,女,26歳,97
2014,技能実習2号ロ,女,26歳,3014
2014,文化活動,女,26歳,50
2014,留学,女,26歳,6433
2014,研修,女,26歳,30
2014,家族滞在,女,26歳,2445
2014,特定活動,女,26歳,892
2014,永住者,女,26歳,2975
2014,日本人の配偶者等,女,26歳,2357
2014,永住者の配偶者等,女,26歳,518
2014,定住者,女,26歳,1810
2014,特別永住者,女,26歳,1718
2014,教授,男,27歳,91
2014,芸術,男,27歳,1
2014,宗教,男,27歳,39
2014,報道,男,27歳,5
2014,投資・経営,男,27歳,242
2014,法律・会計業務,男,27歳,0
2014,医療,男,27歳,13
2014,研究,男,27歳,40
2014,教育,男,27歳,448
2014,技術,男,27歳,2205
2014,人文知識・国際業務,男,27歳,2711
2014,企業内転勤,男,27歳,528
2014,興行,男,27歳,76
2014,技能,男,27歳,213
2014,技能実習1号イ,男,27歳,181
2014,技能実習1号ロ,男,27歳,2343
2014,技能実習2号イ,男,27歳,116
2014,技能実習2号ロ,男,27歳,3433
2014,文化活動,男,27歳,75
2014,留学,男,27歳,6642
2014,研修,男,27歳,79
2014,家族滞在,男,27歳,561
2014,特定活動,男,27歳,880
2014,永住者,男,27歳,2628
2014,日本人の配偶者等,男,27歳,994
2014,永住者の配偶者等,男,27歳,285
2014,定住者,男,27歳,1878
2014,特別永住者,男,27歳,1922
2014,教授,女,27歳,40
2014,芸術,女,27歳,4
2014,宗教,女,27歳,32
2014,報道,女,27歳,3
2014,投資・経営,女,27歳,125
2014,法律・会計業務,女,27歳,0
2014,医療,女,27歳,63
2014,研究,女,27歳,18
2014,教育,女,27歳,341
2014,技術,女,27歳,672
2014,人文知識・国際業務,女,27歳,3164
2014,企業内転勤,女,27歳,211
2014,興行,女,27歳,42
2014,技能,女,27歳,15
2014,技能実習1号イ,女,27歳,124
2014,技能実習1号ロ,女,27歳,2046
2014,技能実習2号イ,女,27歳,65
2014,技能実習2号ロ,女,27歳,3009
2014,文化活動,女,27歳,47
2014,留学,女,27歳,4578
2014,研修,女,27歳,34
2014,家族滞在,女,27歳,2868
2014,特定活動,女,27歳,811
2014,永住者,女,27歳,3349
2014,日本人の配偶者等,女,27歳,2905
2014,永住者の配偶者等,女,27歳,513
2014,定住者,女,27歳,1927
2014,特別永住者,女,27歳,1839
2014,教授,男,28歳,178
2014,芸術,男,28歳,12
2014,宗教,男,28歳,34
2014,報道,男,28歳,4
2014,投資・経営,男,28歳,245
2014,法律・会計業務,男,28歳,1
2014,医療,男,28歳,6
2014,研究,男,28歳,71
2014,教育,男,28歳,401
2014,技術,男,28歳,2483
2014,人文知識・国際業務,男,28歳,2796
2014,企業内転勤,男,28歳,627
2014,興行,男,28歳,80
2014,技能,男,28歳,437
2014,技能実習1号イ,男,28歳,140
2014,技能実習1号ロ,男,28歳,1775
2014,技能実習2号イ,男,28歳,110
2014,技能実習2号ロ,男,28歳,2766
2014,文化活動,男,28歳,58
2014,留学,男,28歳,4865
2014,研修,男,28歳,76
2014,家族滞在,男,28歳,612
2014,特定活動,男,28歳,839
2014,永住者,男,28歳,2659
2014,日本人の配偶者等,男,28歳,1159
2014,永住者の配偶者等,男,28歳,308
2014,定住者,男,28歳,1826
2014,特別永住者,男,28歳,1943
2014,教授,女,28歳,107
2014,芸術,女,28歳,6
2014,宗教,女,28歳,35
2014,報道,女,28歳,1
2014,投資・経営,女,28歳,115
2014,法律・会計業務,女,28歳,0
2014,医療,女,28歳,47
2014,研究,女,28歳,34
2014,教育,女,28歳,282
2014,技術,女,28歳,691
2014,人文知識・国際業務,女,28歳,3014
2014,企業内転勤,女,28歳,216
2014,興行,女,28歳,41
2014,技能,女,28歳,21
2014,技能実習1号イ,女,28歳,109
2014,技能実習1号ロ,女,28歳,1792
2014,技能実習2号イ,女,28歳,61
2014,技能実習2号ロ,女,28歳,2717
2014,文化活動,女,28歳,56
2014,留学,女,28歳,3261
2014,研修,女,28歳,27
2014,家族滞在,女,28歳,2989
2014,特定活動,女,28歳,723
2014,永住者,女,28歳,3841
2014,日本人の配偶者等,女,28歳,3294
2014,永住者の配偶者等,女,28歳,494
2014,定住者,女,28歳,1819
2014,特別永住者,女,28歳,1843
2014,教授,男,29歳,263
2014,芸術,男,29歳,5
2014,宗教,男,29歳,51
2014,報道,男,29歳,3
2014,投資・経営,男,29歳,302
2014,法律・会計業務,男,29歳,1
2014,医療,男,29歳,5
2014,研究,男,29歳,76
2014,教育,男,29歳,414
2014,技術,男,29歳,2853
2014,人文知識・国際業務,男,29歳,2910
2014,企業内転勤,男,29歳,664
2014,興行,男,29歳,71
2014,技能,男,29歳,572
2014,技能実習1号イ,男,29歳,130
2014,技能実習1号ロ,男,29歳,1434
2014,技能実習2号イ,男,29歳,101
2014,技能実習2号ロ,男,29歳,2144
2014,文化活動,男,29歳,72
2014,留学,男,29歳,3558
2014,研修,男,29歳,65
2014,家族滞在,男,29歳,562
2014,特定活動,男,29歳,815
2014,永住者,男,29歳,2754
2014,日本人の配偶者等,男,29歳,1335
2014,永住者の配偶者等,男,29歳,346
2014,定住者,男,29歳,1777
2014,特別永住者,男,29歳,2075
2014,教授,女,29歳,119
2014,芸術,女,29歳,3
2014,宗教,女,29歳,34
2014,報道,女,29歳,3
2014,投資・経営,女,29歳,106
2014,法律・会計業務,女,29歳,0
2014,医療,女,29歳,31
2014,研究,女,29歳,44
2014,教育,女,29歳,225
2014,技術,女,29歳,729
2014,人文知識・国際業務,女,29歳,2819
2014,企業内転勤,女,29歳,228
2014,興行,女,29歳,28
2014,技能,女,29歳,40
2014,技能実習1号イ,女,29歳,90
2014,技能実習1号ロ,女,29歳,1556
2014,技能実習2号イ,女,29歳,39
2014,技能実習2号ロ,女,29歳,2338
2014,文化活動,女,29歳,48
2014,留学,女,29歳,2363
2014,研修,女,29歳,16
2014,家族滞在,女,29歳,3174
2014,特定活動,女,29歳,577
2014,永住者,女,29歳,4584
2014,日本人の配偶者等,女,29歳,3714
2014,永住者の配偶者等,女,29歳,522
2014,定住者,女,29歳,1877
2014,特別永住者,女,29歳,2159
2014,教授,男,30歳,306
2014,芸術,男,30歳,5
2014,宗教,男,30歳,44
2014,報道,男,30歳,4
2014,投資・経営,男,30歳,358
2014,法律・会計業務,男,30歳,1
2014,医療,男,30歳,8
2014,研究,男,30歳,95
2014,教育,男,30歳,343
2014,技術,男,30歳,2984
2014,人文知識・国際業務,男,30歳,2933
2014,企業内転勤,男,30歳,697
2014,興行,男,30歳,62
2014,技能,男,30歳,820
2014,技能実習1号イ,男,30歳,121
2014,技能実習1号ロ,男,30歳,1240
2014,技能実習2号イ,男,30歳,88
2014,技能実習2号ロ,男,30歳,1804
2014,文化活動,男,30歳,86
2014,留学,男,30歳,2662
2014,研修,男,30歳,57
2014,家族滞在,男,30歳,618
2014,特定活動,男,30歳,754
2014,永住者,男,30歳,3091
2014,日本人の配偶者等,男,30歳,1547
2014,永住者の配偶者等,男,30歳,353
2014,定住者,男,30歳,1791
2014,特別永住者,男,30歳,2480
2014,教授,女,30歳,161
2014,芸術,女,30歳,10
2014,宗教,女,30歳,44
2014,報道,女,30歳,4
2014,投資・経営,女,30歳,130
2014,法律・会計業務,女,30歳,0
2014,医療,女,30歳,31
2014,研究,女,30歳,48
2014,教育,女,30歳,188
2014,技術,女,30歳,677
2014,人文知識・国際業務,女,30歳,2751
2014,企業内転勤,女,30歳,184
2014,興行,女,30歳,19
2014,技能,女,30歳,56
2014,技能実習1号イ,女,30歳,108
2014,技能実習1号ロ,女,30歳,1333
2014,技能実習2号イ,女,30歳,46
2014,技能実習2号ロ,女,30歳,2256
2014,文化活動,女,30歳,52
2014,留学,女,30歳,1760
2014,研修,女,30歳,20
2014,家族滞在,女,30歳,3327
2014,特定活動,女,30歳,554
2014,永住者,女,30歳,5775
2014,日本人の配偶者等,女,30歳,4283
2014,永住者の配偶者等,女,30歳,517
2014,定住者,女,30歳,2006
2014,特別永住者,女,30歳,2152
2014,教授,男,31歳,347
2014,芸術,男,31歳,7
2014,宗教,男,31歳,50
2014,報道,男,31歳,8
2014,投資・経営,男,31歳,400
2014,法律・会計業務,男,31歳,0
2014,医療,男,31歳,19
2014,研究,男,31歳,117
2014,教育,男,31歳,295
2014,技術,男,31歳,3227
2014,人文知識・国際業務,男,31歳,2972
2014,企業内転勤,男,31歳,766
2014,興行,男,31歳,65
2014,技能,男,31歳,1074
2014,技能実習1号イ,男,31歳,133
2014,技能実習1号ロ,男,31歳,1097
2014,技能実習2号イ,男,31歳,90
2014,技能実習2号ロ,男,31歳,1620
2014,文化活動,男,31歳,66
2014,留学,男,31歳,2037
2014,研修,男,31歳,45
2014,家族滞在,男,31歳,650
2014,特定活動,男,31歳,699
2014,永住者,男,31歳,3579
2014,日本人の配偶者等,男,31歳,1798
2014,永住者の配偶者等,男,31歳,394
2014,定住者,男,31歳,1772
2014,特別永住者,男,31歳,2442
2014,教授,女,31歳,158
2014,芸術,女,31歳,8
2014,宗教,女,31歳,31
2014,報道,女,31歳,4
2014,投資・経営,女,31歳,148
2014,法律・会計業務,女,31歳,1
2014,医療,女,31歳,22
2014,研究,女,31歳,54
2014,教育,女,31歳,150
2014,技術,女,31歳,714
2014,人文知識・国際業務,女,31歳,2510
2014,企業内転勤,女,31歳,207
2014,興行,女,31歳,31
2014,技能,女,31歳,74
2014,技能実習1号イ,女,31歳,75
2014,技能実習1号ロ,女,31歳,1229
2014,技能実習2号イ,女,31歳,47
2014,技能実習2号ロ,女,31歳,2142
2014,文化活動,女,31歳,54
2014,留学,女,31歳,1475
2014,研修,女,31歳,14
2014,家族滞在,女,31歳,3460
2014,特定活動,女,31歳,459
2014,永住者,女,31歳,7311
2014,日本人の配偶者等,女,31歳,4600
2014,永住者の配偶者等,女,31歳,552
2014,定住者,女,31歳,2099
2014,特別永住者,女,31歳,2244
2014,教授,男,32歳,359
2014,芸術,男,32歳,13
2014,宗教,男,32歳,50
2014,報道,男,32歳,5
2014,投資・経営,男,32歳,452
2014,法律・会計業務,男,32歳,0
2014,医療,男,32歳,10
2014,研究,男,32歳,107
2014,教育,男,32歳,257
2014,技術,男,32歳,3134
2014,人文知識・国際業務,男,32歳,2824
2014,企業内転勤,男,32歳,793
2014,興行,男,32歳,58
2014,技能,男,32歳,1423
2014,技能実習1号イ,男,32歳,112
2014,技能実習1号ロ,男,32歳,957
2014,技能実習2号イ,男,32歳,75
2014,技能実習2号ロ,男,32歳,1521
2014,文化活動,男,32歳,67
2014,留学,男,32歳,1496
2014,研修,男,32歳,47
2014,家族滞在,男,32歳,668
2014,特定活動,男,32歳,510
2014,永住者,男,32歳,4101
2014,日本人の配偶者等,男,32歳,1965
2014,永住者の配偶者等,男,32歳,413
2014,定住者,男,32歳,1771
2014,特別永住者,男,32歳,2374
2014,教授,女,32歳,160
2014,芸術,女,32歳,8
2014,宗教,女,32歳,27
2014,報道,女,32歳,0
2014,投資・経営,女,32歳,160
2014,法律・会計業務,女,32歳,0
2014,医療,女,32歳,17
2014,研究,女,32歳,48
2014,教育,女,32歳,159
2014,技術,女,32歳,607
2014,人文知識・国際業務,女,32歳,2320
2014,企業内転勤,女,32歳,201
2014,興行,女,32歳,23
2014,技能,女,32歳,102
2014,技能実習1号イ,女,32歳,85
2014,技能実習1号ロ,女,32歳,1283
2014,技能実習2号イ,女,32歳,36
2014,技能実習2号ロ,女,32歳,2038
2014,文化活動,女,32歳,52
2014,留学,女,32歳,1127
2014,研修,女,32歳,12
2014,家族滞在,女,32歳,3604
2014,特定活動,女,32歳,340
2014,永住者,女,32歳,8435
2014,日本人の配偶者等,女,32歳,4823
2014,永住者の配偶者等,女,32歳,574
2014,定住者,女,32歳,2115
2014,特別永住者,女,32歳,2243
2014,教授,男,33歳,358
2014,芸術,男,33歳,14
2014,宗教,男,33歳,54
2014,報道,男,33歳,9
2014,投資・経営,男,33歳,417
2014,法律・会計業務,男,33歳,1
2014,医療,男,33歳,6
2014,研究,男,33歳,110
2014,教育,男,33歳,251
2014,技術,男,33歳,2425
2014,人文知識・国際業務,男,33歳,2267
2014,企業内転勤,男,33歳,629
2014,興行,男,33歳,45
2014,技能,男,33歳,1493
2014,技能実習1号イ,男,33歳,107
2014,技能実習1号ロ,男,33歳,653
2014,技能実習2号イ,男,33歳,60
2014,技能実習2号ロ,男,33歳,1042
2014,文化活動,男,33歳,55
2014,留学,男,33歳,1106
2014,研修,男,33歳,45
2014,家族滞在,男,33歳,476
2014,特定活動,男,33歳,362
2014,永住者,男,33歳,3976
2014,日本人の配偶者等,男,33歳,1944
2014,永住者の配偶者等,男,33歳,357
2014,定住者,男,33歳,1634
2014,特別永住者,男,33歳,2342
2014,教授,女,33歳,122
2014,芸術,女,33歳,0
2014,宗教,女,33歳,29
2014,報道,女,33歳,1
2014,投資・経営,女,33歳,114
2014,法律・会計業務,女,33歳,0
2014,医療,女,33歳,8
2014,研究,女,33歳,47
2014,教育,女,33歳,117
2014,技術,女,33歳,403
2014,人文知識・国際業務,女,33歳,1690
2014,企業内転勤,女,33歳,144
2014,興行,女,33歳,15
2014,技能,女,33歳,91
2014,技能実習1号イ,女,33歳,81
2014,技能実習1号ロ,女,33歳,952
2014,技能実習2号イ,女,33歳,36
2014,技能実習2号ロ,女,33歳,1356
2014,文化活動,女,33歳,59
2014,留学,女,33歳,773
2014,研修,女,33歳,8
2014,家族滞在,女,33歳,2886
2014,特定活動,女,33歳,161
2014,永住者,女,33歳,8453
2014,日本人の配偶者等,女,33歳,4245
2014,永住者の配偶者等,女,33歳,508
2014,定住者,女,33歳,1968
2014,特別永住者,女,33歳,2266
2014,教授,男,34歳,302
2014,芸術,男,34歳,12
2014,宗教,男,34歳,54
2014,報道,男,34歳,4
2014,投資・経営,男,34歳,405
2014,法律・会計業務,男,34歳,5
2014,医療,男,34歳,8
2014,研究,男,34歳,79
2014,教育,男,34歳,234
2014,技術,男,34歳,2146
2014,人文知識・国際業務,男,34歳,2089
2014,企業内転勤,男,34歳,639
2014,興行,男,34歳,37
2014,技能,男,34歳,1703
2014,技能実習1号イ,男,34歳,81
2014,技能実習1号ロ,男,34歳,579
2014,技能実習2号イ,男,34歳,71
2014,技能実習2号ロ,男,34歳,898
2014,文化活動,男,34歳,66
2014,留学,男,34歳,815
2014,研修,男,34歳,26
2014,家族滞在,男,34歳,511
2014,特定活動,男,34歳,374
2014,永住者,男,34歳,4649
2014,日本人の配偶者等,男,34歳,1780
2014,永住者の配偶者等,男,34歳,333
2014,定住者,男,34歳,1559
2014,特別永住者,男,34歳,2431
2014,教授,女,34歳,127
2014,芸術,女,34歳,7
2014,宗教,女,34歳,25
2014,報道,女,34歳,1
2014,投資・経営,女,34歳,132
2014,法律・会計業務,女,34歳,0
2014,医療,女,34歳,10
2014,研究,女,34歳,43
2014,教育,女,34歳,94
2014,技術,女,34歳,361
2014,人文知識・国際業務,女,34歳,1411
2014,企業内転勤,女,34歳,122
2014,興行,女,34歳,11
2014,技能,女,34歳,140
2014,技能実習1号イ,女,34歳,82
2014,技能実習1号ロ,女,34歳,988
2014,技能実習2号イ,女,34歳,49
2014,技能実習2号ロ,女,34歳,1331
2014,文化活動,女,34歳,46
2014,留学,女,34歳,636
2014,研修,女,34歳,9
2014,家族滞在,女,34歳,2774
2014,特定活動,女,34歳,175
2014,永住者,女,34歳,9668
2014,日本人の配偶者等,女,34歳,4266
2014,永住者の配偶者等,女,34歳,495
2014,定住者,女,34歳,1951
2014,特別永住者,女,34歳,2231
2014,教授,男,35歳,271
2014,芸術,男,35歳,9
2014,宗教,男,35歳,48
2014,報道,男,35歳,6
2014,投資・経営,男,35歳,399
2014,法律・会計業務,男,35歳,1
2014,医療,男,35歳,5
2014,研究,男,35歳,83
2014,教育,男,35歳,158
2014,技術,男,35歳,1746
2014,人文知識・国際業務,男,35歳,1719
2014,企業内転勤,男,35歳,593
2014,興行,男,35歳,31
2014,技能,男,35歳,1819
2014,技能実習1号イ,男,35歳,77
2014,技能実習1号ロ,男,35歳,486
2014,技能実習2号イ,男,35歳,47
2014,技能実習2号ロ,男,35歳,743
2014,文化活動,男,35歳,59
2014,留学,男,35歳,632
2014,研修,男,35歳,45
2014,家族滞在,男,35歳,483
2014,特定活動,男,35歳,303
2014,永住者,男,35歳,4972
2014,日本人の配偶者等,男,35歳,1825
2014,永住者の配偶者等,男,35歳,315
2014,定住者,男,35歳,1505
2014,特別永住者,男,35歳,2477
2014,教授,女,35歳,111
2014,芸術,女,35歳,7
2014,宗教,女,35歳,36
2014,報道,女,35歳,0
2014,投資・経営,女,35歳,116
2014,法律・会計業務,女,35歳,1
2014,医療,女,35歳,9
2014,研究,女,35歳,34
2014,教育,女,35歳,76
2014,技術,女,35歳,233
2014,人文知識・国際業務,女,35歳,1128
2014,企業内転勤,女,35歳,89
2014,興行,女,35歳,16
2014,技能,女,35歳,141
2014,技能実習1号イ,女,35歳,73
2014,技能実習1号ロ,女,35歳,852
2014,技能実習2号イ,女,35歳,26
2014,技能実習2号ロ,女,35歳,1225
2014,文化活動,女,35歳,35
2014,留学,女,35歳,478
2014,研修,女,35歳,4
2014,家族滞在,女,35歳,2549
2014,特定活動,女,35歳,185
2014,永住者,女,35歳,10547
2014,日本人の配偶者等,女,35歳,4119
2014,永住者の配偶者等,女,35歳,505
2014,定住者,女,35歳,1856
2014,特別永住者,女,35歳,2298
2014,教授,男,36歳,278
2014,芸術,男,36歳,12
2014,宗教,男,36歳,54
2014,報道,男,36歳,7
2014,投資・経営,男,36歳,398
2014,法律・会計業務,男,36歳,0
2014,医療,男,36歳,4
2014,研究,男,36歳,73
2014,教育,男,36歳,139
2014,技術,男,36歳,1433
2014,人文知識・国際業務,男,36歳,1405
2014,企業内転勤,男,36歳,479
2014,興行,男,36歳,31
2014,技能,男,36歳,1787
2014,技能実習1号イ,男,36歳,53
2014,技能実習1号ロ,男,36歳,330
2014,技能実習2号イ,男,36歳,43
2014,技能実習2号ロ,男,36歳,523
2014,文化活動,男,36歳,50
2014,留学,男,36歳,451
2014,研修,男,36歳,22
2014,家族滞在,男,36歳,396
2014,特定活動,男,36歳,245
2014,永住者,男,36歳,5090
2014,日本人の配偶者等,男,36歳,1667
2014,永住者の配偶者等,男,36歳,334
2014,定住者,男,36歳,1434
2014,特別永住者,男,36歳,2587
2014,教授,女,36歳,115
2014,芸術,女,36歳,2
2014,宗教,女,36歳,28
2014,報道,女,36歳,0
2014,投資・経営,女,36歳,132
2014,法律・会計業務,女,36歳,1
2014,医療,女,36歳,7
2014,研究,女,36歳,29
2014,教育,女,36歳,63
2014,技術,女,36歳,194
2014,人文知識・国際業務,女,36歳,834
2014,企業内転勤,女,36歳,99
2014,興行,女,36歳,9
2014,技能,女,36歳,126
2014,技能実習1号イ,女,36歳,40
2014,技能実習1号ロ,女,36歳,662
2014,技能実習2号イ,女,36歳,30
2014,技能実習2号ロ,女,36歳,890
2014,文化活動,女,36歳,34
2014,留学,女,36歳,326
2014,研修,女,36歳,6
2014,家族滞在,女,36歳,2223
2014,特定活動,女,36歳,142
2014,永住者,女,36歳,10491
2014,日本人の配偶者等,女,36歳,3695
2014,永住者の配偶者等,女,36歳,405
2014,定住者,女,36歳,1710
2014,特別永住者,女,36歳,2347
2014,教授,男,37歳,204
2014,芸術,男,37歳,7
2014,宗教,男,37歳,57
2014,報道,男,37歳,8
2014,投資・経営,男,37歳,370
2014,法律・会計業務,男,37歳,6
2014,医療,男,37歳,2
2014,研究,男,37歳,60
2014,教育,男,37歳,121
2014,技術,男,37歳,1204
2014,人文知識・国際業務,男,37歳,1168
2014,企業内転勤,男,37歳,449
2014,興行,男,37歳,21
2014,技能,男,37歳,1728
2014,技能実習1号イ,男,37歳,57
2014,技能実習1号ロ,男,37歳,219
2014,技能実習2号イ,男,37歳,23
2014,技能実習2号ロ,男,37歳,364
2014,文化活動,男,37歳,60
2014,留学,男,37歳,286
2014,研修,男,37歳,19
2014,家族滞在,男,37歳,336
2014,特定活動,男,37歳,235
2014,永住者,男,37歳,5276
2014,日本人の配偶者等,男,37歳,1618
2014,永住者の配偶者等,男,37歳,285
2014,定住者,男,37歳,1331
2014,特別永住者,男,37歳,2679
2014,教授,女,37歳,89
2014,芸術,女,37歳,7
2014,宗教,女,37歳,32
2014,報道,女,37歳,4
2014,投資・経営,女,37歳,108
2014,法律・会計業務,女,37歳,1
2014,医療,女,37歳,7
2014,研究,女,37歳,20
2014,教育,女,37歳,50
2014,技術,女,37歳,147
2014,人文知識・国際業務,女,37歳,661
2014,企業内転勤,女,37歳,70
2014,興行,女,37歳,2
2014,技能,女,37歳,150
2014,技能実習1号イ,女,37歳,43
2014,技能実習1号ロ,女,37歳,539
2014,技能実習2号イ,女,37歳,16
2014,技能実習2号ロ,女,37歳,698
2014,文化活動,女,37歳,25
2014,留学,女,37歳,233
2014,研修,女,37歳,9
2014,家族滞在,女,37歳,1862
2014,特定活動,女,37歳,105
2014,永住者,女,37歳,10680
2014,日本人の配偶者等,女,37歳,3424
2014,永住者の配偶者等,女,37歳,391
2014,定住者,女,37歳,1620
2014,特別永住者,女,37歳,2433
2014,教授,男,38歳,218
2014,芸術,男,38歳,9
2014,宗教,男,38歳,44
2014,報道,男,38歳,10
2014,投資・経営,男,38歳,370
2014,法律・会計業務,男,38歳,4
2014,医療,男,38歳,3
2014,研究,男,38歳,58
2014,教育,男,38歳,105
2014,技術,男,38歳,899
2014,人文知識・国際業務,男,38歳,1017
2014,企業内転勤,男,38歳,412
2014,興行,男,38歳,21
2014,技能,男,38歳,1558
2014,技能実習1号イ,男,38歳,35
2014,技能実習1号ロ,男,38歳,158
2014,技能実習2号イ,男,38歳,20
2014,技能実習2号ロ,男,38歳,207
2014,文化活動,男,38歳,37
2014,留学,男,38歳,262
2014,研修,男,38歳,19
2014,家族滞在,男,38歳,304
2014,特定活動,男,38歳,186
2014,永住者,男,38歳,5392
2014,日本人の配偶者等,男,38歳,1503
2014,永住者の配偶者等,男,38歳,256
2014,定住者,男,38歳,1252
2014,特別永住者,男,38歳,2816
2014,教授,女,38歳,102
2014,芸術,女,38歳,2
2014,宗教,女,38歳,35
2014,報道,女,38歳,0
2014,投資・経営,女,38歳,126
2014,法律・会計業務,女,38歳,1
2014,医療,女,38歳,1
2014,研究,女,38歳,19
2014,教育,女,38歳,65
2014,技術,女,38歳,88
2014,人文知識・国際業務,女,38歳,532
2014,企業内転勤,女,38歳,54
2014,興行,女,38歳,5
2014,技能,女,38歳,158
2014,技能実習1号イ,女,38歳,43
2014,技能実習1号ロ,女,38歳,547
2014,技能実習2号イ,女,38歳,15
2014,技能実習2号ロ,女,38歳,541
2014,文化活動,女,38歳,25
2014,留学,女,38歳,171
2014,研修,女,38歳,10
2014,家族滞在,女,38歳,1789
2014,特定活動,女,38歳,98
2014,永住者,女,38歳,10520
2014,日本人の配偶者等,女,38歳,3159
2014,永住者の配偶者等,女,38歳,372
2014,定住者,女,38歳,1556
2014,特別永住者,女,38歳,2478
2014,教授,男,39歳,194
2014,芸術,男,39歳,4
2014,宗教,男,39歳,66
2014,報道,男,39歳,6
2014,投資・経営,男,39歳,352
2014,法律・会計業務,男,39歳,9
2014,医療,男,39歳,4
2014,研究,男,39歳,56
2014,教育,男,39歳,103
2014,技術,男,39歳,799
2014,人文知識・国際業務,男,39歳,894
2014,企業内転勤,男,39歳,369
2014,興行,男,39歳,14
2014,技能,男,39歳,1663
2014,技能実習1号イ,男,39歳,31
2014,技能実習1号ロ,男,39歳,105
2014,技能実習2号イ,男,39歳,13
2014,技能実習2号ロ,男,39歳,161
2014,文化活動,男,39歳,26
2014,留学,男,39歳,189
2014,研修,男,39歳,20
2014,家族滞在,男,39歳,288
2014,特定活動,男,39歳,171
2014,永住者,男,39歳,5532
2014,日本人の配偶者等,男,39歳,1478
2014,永住者の配偶者等,男,39歳,262
2014,定住者,男,39歳,1180
2014,特別永住者,男,39歳,2913
2014,教授,女,39歳,92
2014,芸術,女,39歳,4
2014,宗教,女,39歳,39
2014,報道,女,39歳,2
2014,投資・経営,女,39歳,99
2014,法律・会計業務,女,39歳,2
2014,医療,女,39歳,8
2014,研究,女,39歳,11
2014,教育,女,39歳,38
2014,技術,女,39歳,85
2014,人文知識・国際業務,女,39歳,455
2014,企業内転勤,女,39歳,53
2014,興行,女,39歳,10
2014,技能,女,39歳,157
2014,技能実習1号イ,女,39歳,46
2014,技能実習1号ロ,女,39歳,414
2014,技能実習2号イ,女,39歳,12
2014,技能実習2号ロ,女,39歳,457
2014,文化活動,女,39歳,25
2014,留学,女,39歳,160
2014,研修,女,39歳,8
2014,家族滞在,女,39歳,1539
2014,特定活動,女,39歳,97
2014,永住者,女,39歳,10971
2014,日本人の配偶者等,女,39歳,3077
2014,永住者の配偶者等,女,39歳,332
2014,定住者,女,39歳,1485
2014,特別永住者,女,39歳,2491
2014,教授,男,40歳,182
2014,芸術,男,40歳,6
2014,宗教,男,40歳,51
2014,報道,男,40歳,6
2014,投資・経営,男,40歳,402
2014,法律・会計業務,男,40歳,11
2014,医療,男,40歳,4
2014,研究,男,40歳,43
2014,教育,男,40歳,87
2014,技術,男,40歳,646
2014,人文知識・国際業務,男,40歳,763
2014,企業内転勤,男,40歳,355
2014,興行,男,40歳,19
2014,技能,男,40歳,1502
2014,技能実習1号イ,男,40歳,19
2014,技能実習1号ロ,男,40歳,76
2014,技能実習2号イ,男,40歳,10
2014,技能実習2号ロ,男,40歳,101
2014,文化活動,男,40歳,31
2014,留学,男,40歳,140
2014,研修,男,40歳,15
2014,家族滞在,男,40歳,252
2014,特定活動,男,40歳,142
2014,永住者,男,40歳,5797
2014,日本人の配偶者等,男,40歳,1409
2014,永住者の配偶者等,男,40歳,251
2014,定住者,男,40歳,1048
2014,特別永住者,男,40歳,3013
2014,教授,女,40歳,85
2014,芸術,女,40歳,5
2014,宗教,女,40歳,25
2014,報道,女,40歳,1
2014,投資・経営,女,40歳,99
2014,法律・会計業務,女,40歳,0
2014,医療,女,40歳,5
2014,研究,女,40歳,14
2014,教育,女,40歳,32
2014,技術,女,40歳,74
2014,人文知識・国際業務,女,40歳,380
2014,企業内転勤,女,40歳,52
2014,興行,女,40歳,1
2014,技能,女,40歳,180
2014,技能実習1号イ,女,40歳,48
2014,技能実習1号ロ,女,40歳,351
2014,技能実習2号イ,女,40歳,9
2014,技能実習2号ロ,女,40歳,347
2014,文化活動,女,40歳,20
2014,留学,女,40歳,95
2014,研修,女,40歳,5
2014,家族滞在,女,40歳,1508
2014,特定活動,女,40歳,88
2014,永住者,女,40歳,11417
2014,日本人の配偶者等,女,40歳,3140
2014,永住者の配偶者等,女,40歳,309
2014,定住者,女,40歳,1511
2014,特別永住者,女,40歳,2656
2014,教授,男,41歳,134
2014,芸術,男,41歳,10
2014,宗教,男,41歳,44
2014,報道,男,41歳,5
2014,投資・経営,男,41歳,371
2014,法律・会計業務,男,41歳,2
2014,医療,男,41歳,6
2014,研究,男,41歳,34
2014,教育,男,41歳,85
2014,技術,男,41歳,529
2014,人文知識・国際業務,男,41歳,736
2014,企業内転勤,男,41歳,339
2014,興行,男,41歳,15
2014,技能,男,41歳,1594
2014,技能実習1号イ,男,41歳,13
2014,技能実習1号ロ,男,41歳,54
2014,技能実習2号イ,男,41歳,11
2014,技能実習2号ロ,男,41歳,61
2014,文化活動,男,41歳,27
2014,留学,男,41歳,111
2014,研修,男,41歳,11
2014,家族滞在,男,41歳,264
2014,特定活動,男,41歳,140
2014,永住者,男,41歳,6131
2014,日本人の配偶者等,男,41歳,1417
2014,永住者の配偶者等,男,41歳,251
2014,定住者,男,41歳,1094
2014,特別永住者,男,41歳,2990
2014,教授,女,41歳,51
2014,芸術,女,41歳,3
2014,宗教,女,41歳,38
2014,報道,女,41歳,2
2014,投資・経営,女,41歳,105
2014,法律・会計業務,女,41歳,2
2014,医療,女,41歳,1
2014,研究,女,41歳,11
2014,教育,女,41歳,36
2014,技術,女,41歳,39
2014,人文知識・国際業務,女,41歳,358
2014,企業内転勤,女,41歳,40
2014,興行,女,41歳,6
2014,技能,女,41歳,183
2014,技能実習1号イ,女,41歳,47
2014,技能実習1号ロ,女,41歳,322
2014,技能実習2号イ,女,41歳,6
2014,技能実習2号ロ,女,41歳,294
2014,文化活動,女,41歳,24
2014,留学,女,41歳,78
2014,研修,女,41歳,7
2014,家族滞在,女,41歳,1452
2014,特定活動,女,41歳,88
2014,永住者,女,41歳,12631
2014,日本人の配偶者等,女,41歳,2980
2014,永住者の配偶者等,女,41歳,305
2014,定住者,女,41歳,1488
2014,特別永住者,女,41歳,2745
2014,教授,男,42歳,149
2014,芸術,男,42歳,8
2014,宗教,男,42歳,65
2014,報道,男,42歳,8
2014,投資・経営,男,42歳,397
2014,法律・会計業務,男,42歳,8
2014,医療,男,42歳,4
2014,研究,男,42歳,25
2014,教育,男,42歳,78
2014,技術,男,42歳,452
2014,人文知識・国際業務,男,42歳,697
2014,企業内転勤,男,42歳,293
2014,興行,男,42歳,9
2014,技能,男,42歳,1488
2014,技能実習1号イ,男,42歳,14
2014,技能実習1号ロ,男,42歳,24
2014,技能実習2号イ,男,42歳,12
2014,技能実習2号ロ,男,42歳,31
2014,文化活動,男,42歳,24
2014,留学,男,42歳,85
2014,研修,男,42歳,16
2014,家族滞在,男,42歳,234
2014,特定活動,男,42歳,136
2014,永住者,男,42歳,6218
2014,日本人の配偶者等,男,42歳,1337
2014,永住者の配偶者等,男,42歳,270
2014,定住者,男,42歳,962
2014,特別永住者,男,42歳,3149
2014,教授,女,42歳,61
2014,芸術,女,42歳,5
2014,宗教,女,42歳,27
2014,報道,女,42歳,1
2014,投資・経営,女,42歳,92
2014,法律・会計業務,女,42歳,0
2014,医療,女,42歳,2
2014,研究,女,42歳,7
2014,教育,女,42歳,41
2014,技術,女,42歳,53
2014,人文知識・国際業務,女,42歳,291
2014,企業内転勤,女,42歳,48
2014,興行,女,42歳,3
2014,技能,女,42歳,200
2014,技能実習1号イ,女,42歳,26
2014,技能実習1号ロ,女,42歳,264
2014,技能実習2号イ,女,42歳,8
2014,技能実習2号ロ,女,42歳,200
2014,文化活動,女,42歳,17
2014,留学,女,42歳,72
2014,研修,女,42歳,1
2014,家族滞在,女,42歳,1265
2014,特定活動,女,42歳,74
2014,永住者,女,42歳,13445
2014,日本人の配偶者等,女,42歳,2885
2014,永住者の配偶者等,女,42歳,315
2014,定住者,女,42歳,1535
2014,特別永住者,女,42歳,2632
2014,教授,男,43歳,120
2014,芸術,男,43歳,10
2014,宗教,男,43歳,58
2014,報道,男,43歳,7
2014,投資・経営,男,43歳,401
2014,法律・会計業務,男,43歳,4
2014,医療,男,43歳,2
2014,研究,男,43歳,33
2014,教育,男,43歳,69
2014,技術,男,43歳,400
2014,人文知識・国際業務,男,43歳,572
2014,企業内転勤,男,43歳,319
2014,興行,男,43歳,13
2014,技能,男,43歳,1430
2014,技能実習1号イ,男,43歳,12
2014,技能実習1号ロ,男,43歳,24
2014,技能実習2号イ,男,43歳,4
2014,技能実習2号ロ,男,43歳,24
2014,文化活動,男,43歳,14
2014,留学,男,43歳,64
2014,研修,男,43歳,4
2014,家族滞在,男,43歳,203
2014,特定活動,男,43歳,94
2014,永住者,男,43歳,6663
2014,日本人の配偶者等,男,43歳,1399
2014,永住者の配偶者等,男,43歳,247
2014,定住者,男,43歳,936
2014,特別永住者,男,43歳,3049
2014,教授,女,43歳,54
2014,芸術,女,43歳,2
2014,宗教,女,43歳,34
2014,報道,女,43歳,0
2014,投資・経営,女,43歳,92
2014,法律・会計業務,女,43歳,0
2014,医療,女,43歳,2
2014,研究,女,43歳,5
2014,教育,女,43歳,28
2014,技術,女,43歳,40
2014,人文知識・国際業務,女,43歳,252
2014,企業内転勤,女,43歳,48
2014,興行,女,43歳,2
2014,技能,女,43歳,165
2014,技能実習1号イ,女,43歳,20
2014,技能実習1号ロ,女,43歳,202
2014,技能実習2号イ,女,43歳,4
2014,技能実習2号ロ,女,43歳,182
2014,文化活動,女,43歳,13
2014,留学,女,43歳,51
2014,研修,女,43歳,3
2014,家族滞在,女,43歳,1156
2014,特定活動,女,43歳,91
2014,永住者,女,43歳,14102
2014,日本人の配偶者等,女,43歳,2855
2014,永住者の配偶者等,女,43歳,278
2014,定住者,女,43歳,1621
2014,特別永住者,女,43歳,2735
2014,教授,男,44歳,108
2014,芸術,男,44歳,7
2014,宗教,男,44歳,49
2014,報道,男,44歳,7
2014,投資・経営,男,44歳,367
2014,法律・会計業務,男,44歳,7
2014,医療,男,44歳,2
2014,研究,男,44歳,20
2014,教育,男,44歳,47
2014,技術,男,44歳,307
2014,人文知識・国際業務,男,44歳,536
2014,企業内転勤,男,44歳,280
2014,興行,男,44歳,14
2014,技能,男,44歳,1209
2014,技能実習1号イ,男,44歳,17
2014,技能実習1号ロ,男,44歳,18
2014,技能実習2号イ,男,44歳,3
2014,技能実習2号ロ,男,44歳,27
2014,文化活動,男,44歳,20
2014,留学,男,44歳,59
2014,研修,男,44歳,5
2014,家族滞在,男,44歳,184
2014,特定活動,男,44歳,118
2014,永住者,男,44歳,6605
2014,日本人の配偶者等,男,44歳,1288
2014,永住者の配偶者等,男,44歳,273
2014,定住者,男,44歳,906
2014,特別永住者,男,44歳,3050
2014,教授,女,44歳,60
2014,芸術,女,44歳,3
2014,宗教,女,44歳,40
2014,報道,女,44歳,1
2014,投資・経営,女,44歳,86
2014,法律・会計業務,女,44歳,1
2014,医療,女,44歳,2
2014,研究,女,44歳,2
2014,教育,女,44歳,25
2014,技術,女,44歳,24
2014,人文知識・国際業務,女,44歳,204
2014,企業内転勤,女,44歳,36
2014,興行,女,44歳,1
2014,技能,女,44歳,163
2014,技能実習1号イ,女,44歳,13
2014,技能実習1号ロ,女,44歳,147
2014,技能実習2号イ,女,44歳,2
2014,技能実習2号ロ,女,44歳,139
2014,文化活動,女,44歳,12
2014,留学,女,44歳,40
2014,研修,女,44歳,0
2014,家族滞在,女,44歳,1037
2014,特定活動,女,44歳,77
2014,永住者,女,44歳,14830
2014,日本人の配偶者等,女,44歳,2691
2014,永住者の配偶者等,女,44歳,257
2014,定住者,女,44歳,1639
2014,特別永住者,女,44歳,2577
2014,教授,男,45歳,103
2014,芸術,男,45歳,6
2014,宗教,男,45歳,47
2014,報道,男,45歳,11
2014,投資・経営,男,45歳,384
2014,法律・会計業務,男,45歳,6
2014,医療,男,45歳,0
2014,研究,男,45歳,15
2014,教育,男,45歳,37
2014,技術,男,45歳,270
2014,人文知識・国際業務,男,45歳,477
2014,企業内転勤,男,45歳,258
2014,興行,男,45歳,11
2014,技能,男,45歳,1062
2014,技能実習1号イ,男,45歳,9
2014,技能実習1号ロ,男,45歳,8
2014,技能実習2号イ,男,45歳,1
2014,技能実習2号ロ,男,45歳,14
2014,文化活動,男,45歳,21
2014,留学,男,45歳,40
2014,研修,男,45歳,6
2014,家族滞在,男,45歳,187
2014,特定活動,男,45歳,81
2014,永住者,男,45歳,6807
2014,日本人の配偶者等,男,45歳,1272
2014,永住者の配偶者等,男,45歳,240
2014,定住者,男,45歳,819
2014,特別永住者,男,45歳,3150
2014,教授,女,45歳,39
2014,芸術,女,45歳,2
2014,宗教,女,45歳,29
2014,報道,女,45歳,2
2014,投資・経営,女,45歳,95
2014,法律・会計業務,女,45歳,1
2014,医療,女,45歳,2
2014,研究,女,45歳,7
2014,教育,女,45歳,35
2014,技術,女,45歳,20
2014,人文知識・国際業務,女,45歳,202
2014,企業内転勤,女,45歳,32
2014,興行,女,45歳,1
2014,技能,女,45歳,163
2014,技能実習1号イ,女,45歳,11
2014,技能実習1号ロ,女,45歳,122
2014,技能実習2号イ,女,45歳,4
2014,技能実習2号ロ,女,45歳,98
2014,文化活動,女,45歳,14
2014,留学,女,45歳,36
2014,研修,女,45歳,3
2014,家族滞在,女,45歳,938
2014,特定活動,女,45歳,78
2014,永住者,女,45歳,14956
2014,日本人の配偶者等,女,45歳,2567
2014,永住者の配偶者等,女,45歳,257
2014,定住者,女,45歳,1461
2014,特別永住者,女,45歳,2581
2014,教授,男,46歳,96
2014,芸術,男,46歳,5
2014,宗教,男,46歳,49
2014,報道,男,46歳,8
2014,投資・経営,男,46歳,303
2014,法律・会計業務,男,46歳,9
2014,医療,男,46歳,1
2014,研究,男,46歳,19
2014,教育,男,46歳,45
2014,技術,男,46歳,206
2014,人文知識・国際業務,男,46歳,396
2014,企業内転勤,男,46歳,197
2014,興行,男,46歳,6
2014,技能,男,46歳,881
2014,技能実習1号イ,男,46歳,8
2014,技能実習1号ロ,男,46歳,5
2014,技能実習2号イ,男,46歳,0
2014,技能実習2号ロ,男,46歳,6
2014,文化活動,男,46歳,22
2014,留学,男,46歳,27
2014,研修,男,46歳,2
2014,家族滞在,男,46歳,137
2014,特定活動,男,46歳,66
2014,永住者,男,46歳,6559
2014,日本人の配偶者等,男,46歳,1181
2014,永住者の配偶者等,男,46歳,221
2014,定住者,男,46歳,727
2014,特別永住者,男,46歳,2977
2014,教授,女,46歳,46
2014,芸術,女,46歳,2
2014,宗教,女,46歳,23
2014,報道,女,46歳,1
2014,投資・経営,女,46歳,84
2014,法律・会計業務,女,46歳,0
2014,医療,女,46歳,1
2014,研究,女,46歳,4
2014,教育,女,46歳,24
2014,技術,女,46歳,12
2014,人文知識・国際業務,女,46歳,158
2014,企業内転勤,女,46歳,29
2014,興行,女,46歳,3
2014,技能,女,46歳,124
2014,技能実習1号イ,女,46歳,9
2014,技能実習1号ロ,女,46歳,63
2014,技能実習2号イ,女,46歳,4
2014,技能実習2号ロ,女,46歳,53
2014,文化活動,女,46歳,11
2014,留学,女,46歳,20
2014,研修,女,46歳,2
2014,家族滞在,女,46歳,766
2014,特定活動,女,46歳,59
2014,永住者,女,46歳,13874
2014,日本人の配偶者等,女,46歳,2247
2014,永住者の配偶者等,女,46歳,207
2014,定住者,女,46歳,1285
2014,特別永住者,女,46歳,2562
2014,教授,男,47歳,84
2014,芸術,男,47歳,8
2014,宗教,男,47歳,55
2014,報道,男,47歳,3
2014,投資・経営,男,47歳,300
2014,法律・会計業務,男,47歳,2
2014,医療,男,47歳,1
2014,研究,男,47歳,11
2014,教育,男,47歳,45
2014,技術,男,47歳,195
2014,人文知識・国際業務,男,47歳,341
2014,企業内転勤,男,47歳,166
2014,興行,男,47歳,7
2014,技能,男,47歳,702
2014,技能実習1号イ,男,47歳,3
2014,技能実習1号ロ,男,47歳,2
2014,技能実習2号イ,男,47歳,0
2014,技能実習2号ロ,男,47歳,5
2014,文化活動,男,47歳,11
2014,留学,男,47歳,18
2014,研修,男,47歳,4
2014,家族滞在,男,47歳,121
2014,特定活動,男,47歳,71
2014,永住者,男,47歳,6102
2014,日本人の配偶者等,男,47歳,1110
2014,永住者の配偶者等,男,47歳,203
2014,定住者,男,47歳,701
2014,特別永住者,男,47歳,2760
2014,教授,女,47歳,22
2014,芸術,女,47歳,0
2014,宗教,女,47歳,25
2014,報道,女,47歳,0
2014,投資・経営,女,47歳,60
2014,法律・会計業務,女,47歳,0
2014,医療,女,47歳,3
2014,研究,女,47歳,1
2014,教育,女,47歳,23
2014,技術,女,47歳,13
2014,人文知識・国際業務,女,47歳,108
2014,企業内転勤,女,47歳,22
2014,興行,女,47歳,3
2014,技能,女,47歳,93
2014,技能実習1号イ,女,47歳,4
2014,技能実習1号ロ,女,47歳,21
2014,技能実習2号イ,女,47歳,2
2014,技能実習2号ロ,女,47歳,24
2014,文化活動,女,47歳,9
2014,留学,女,47歳,19
2014,研修,女,47歳,1
2014,家族滞在,女,47歳,581
2014,特定活動,女,47歳,48
2014,永住者,女,47歳,12308
2014,日本人の配偶者等,女,47歳,1900
2014,永住者の配偶者等,女,47歳,184
2014,定住者,女,47歳,1147
2014,特別永住者,女,47歳,2449
2014,教授,男,48歳,76
2014,芸術,男,48歳,4
2014,宗教,男,48歳,36
2014,報道,男,48歳,6
2014,投資・経営,男,48歳,313
2014,法律・会計業務,男,48歳,1
2014,医療,男,48歳,2
2014,研究,男,48歳,9
2014,教育,男,48歳,35
2014,技術,男,48歳,168
2014,人文知識・国際業務,男,48歳,318
2014,企業内転勤,男,48歳,162
2014,興行,男,48歳,14
2014,技能,男,48歳,643
2014,技能実習1号イ,男,48歳,2
2014,技能実習1号ロ,男,48歳,2
2014,技能実習2号イ,男,48歳,2
2014,技能実習2号ロ,男,48歳,5
2014,文化活動,男,48歳,10
2014,留学,男,48歳,18
2014,研修,男,48歳,2
2014,家族滞在,男,48歳,109
2014,特定活動,男,48歳,63
2014,永住者,男,48歳,6173
2014,日本人の配偶者等,男,48歳,1057
2014,永住者の配偶者等,男,48歳,166
2014,定住者,男,48歳,654
2014,特別永住者,男,48歳,2722
2014,教授,女,48歳,30
2014,芸術,女,48歳,3
2014,宗教,女,48歳,29
2014,報道,女,48歳,0
2014,投資・経営,女,48歳,53
2014,法律・会計業務,女,48歳,0
2014,医療,女,48歳,1
2014,研究,女,48歳,1
2014,教育,女,48歳,22
2014,技術,女,48歳,15
2014,人文知識・国際業務,女,48歳,114
2014,企業内転勤,女,48歳,37
2014,興行,女,48歳,2
2014,技能,女,48歳,98
2014,技能実習1号イ,女,48歳,3
2014,技能実習1号ロ,女,48歳,21
2014,技能実習2号イ,女,48歳,3
2014,技能実習2号ロ,女,48歳,19
2014,文化活動,女,48歳,13
2014,留学,女,48歳,16
2014,研修,女,48歳,1
2014,家族滞在,女,48歳,588
2014,特定活動,女,48歳,72
2014,永住者,女,48歳,12381
2014,日本人の配偶者等,女,48歳,1884
2014,永住者の配偶者等,女,48歳,195
2014,定住者,女,48歳,1102
2014,特別永住者,女,48歳,2239
2014,教授,男,49歳,68
2014,芸術,男,49歳,8
2014,宗教,男,49歳,47
2014,報道,男,49歳,4
2014,投資・経営,男,49歳,262
2014,法律・会計業務,男,49歳,4
2014,医療,男,49歳,0
2014,研究,男,49歳,13
2014,教育,男,49歳,37
2014,技術,男,49歳,166
2014,人文知識・国際業務,男,49歳,307
2014,企業内転勤,男,49歳,163
2014,興行,男,49歳,5
2014,技能,男,49歳,526
2014,技能実習1号イ,男,49歳,6
2014,技能実習1号ロ,男,49歳,1
2014,技能実習2号イ,男,49歳,0
2014,技能実習2号ロ,男,49歳,2
2014,文化活動,男,49歳,13
2014,留学,男,49歳,20
2014,研修,男,49歳,2
2014,家族滞在,男,49歳,105
2014,特定活動,男,49歳,60
2014,永住者,男,49歳,6350
2014,日本人の配偶者等,男,49歳,961
2014,永住者の配偶者等,男,49歳,173
2014,定住者,男,49歳,610
2014,特別永住者,男,49歳,3072
2014,教授,女,49歳,33
2014,芸術,女,49歳,0
2014,宗教,女,49歳,33
2014,報道,女,49歳,1
2014,投資・経営,女,49歳,61
2014,法律・会計業務,女,49歳,0
2014,医療,女,49歳,0
2014,研究,女,49歳,4
2014,教育,女,49歳,20
2014,技術,女,49歳,7
2014,人文知識・国際業務,女,49歳,108
2014,企業内転勤,女,49歳,22
2014,興行,女,49歳,1
2014,技能,女,49歳,70
2014,技能実習1号イ,女,49歳,2
2014,技能実習1号ロ,女,49歳,16
2014,技能実習2号イ,女,49歳,0
2014,技能実習2号ロ,女,49歳,7
2014,文化活動,女,49歳,3
2014,留学,女,49歳,13
2014,研修,女,49歳,0
2014,家族滞在,女,49歳,483
2014,特定活動,女,49歳,69
2014,永住者,女,49歳,11827
2014,日本人の配偶者等,女,49歳,1830
2014,永住者の配偶者等,女,49歳,170
2014,定住者,女,49歳,1020
2014,特別永住者,女,49歳,2571
2014,教授,男,50歳,71
2014,芸術,男,50歳,4
2014,宗教,男,50歳,45
2014,報道,男,50歳,2
2014,投資・経営,男,50歳,286
2014,法律・会計業務,男,50歳,2
2014,医療,男,50歳,1
2014,研究,男,50歳,11
2014,教育,男,50歳,41
2014,技術,男,50歳,157
2014,人文知識・国際業務,男,50歳,279
2014,企業内転勤,男,50歳,136
2014,興行,男,50歳,8
2014,技能,男,50歳,501
2014,技能実習1号イ,男,50歳,1
2014,技能実習1号ロ,男,50歳,0
2014,技能実習2号イ,男,50歳,1
2014,技能実習2号ロ,男,50歳,2
2014,文化活動,男,50歳,12
2014,留学,男,50歳,10
2014,研修,男,50歳,3
2014,家族滞在,男,50歳,93
2014,特定活動,男,50歳,57
2014,永住者,男,50歳,6331
2014,日本人の配偶者等,男,50歳,966
2014,永住者の配偶者等,男,50歳,190
2014,定住者,男,50歳,562
2014,特別永住者,男,50歳,2920
2014,教授,女,50歳,33
2014,芸術,女,50歳,1
2014,宗教,女,50歳,28
2014,報道,女,50歳,1
2014,投資・経営,女,50歳,64
2014,法律・会計業務,女,50歳,1
2014,医療,女,50歳,1
2014,研究,女,50歳,2
2014,教育,女,50歳,15
2014,技術,女,50歳,5
2014,人文知識・国際業務,女,50歳,80
2014,企業内転勤,女,50歳,23
2014,興行,女,50歳,2
2014,技能,女,50歳,91
2014,技能実習1号イ,女,50歳,3
2014,技能実習1号ロ,女,50歳,6
2014,技能実習2号イ,女,50歳,1
2014,技能実習2号ロ,女,50歳,3
2014,文化活動,女,50歳,10
2014,留学,女,50歳,14
2014,研修,女,50歳,1
2014,家族滞在,女,50歳,462
2014,特定活動,女,50歳,61
2014,永住者,女,50歳,11848
2014,日本人の配偶者等,女,50歳,1747
2014,永住者の配偶者等,女,50歳,169
2014,定住者,女,50歳,980
2014,特別永住者,女,50歳,2660
2014,教授,男,51歳,46
2014,芸術,男,51歳,7
2014,宗教,男,51歳,44
2014,報道,男,51歳,4
2014,投資・経営,男,51歳,272
2014,法律・会計業務,男,51歳,5
2014,医療,男,51歳,0
2014,研究,男,51歳,10
2014,教育,男,51歳,29
2014,技術,男,51歳,134
2014,人文知識・国際業務,男,51歳,268
2014,企業内転勤,男,51歳,145
2014,興行,男,51歳,8
2014,技能,男,51歳,433
2014,技能実習1号イ,男,51歳,3
2014,技能実習1号ロ,男,51歳,0
2014,技能実習2号イ,男,51歳,0
2014,技能実習2号ロ,男,51歳,0
2014,文化活動,男,51歳,13
2014,留学,男,51歳,10
2014,研修,男,51歳,3
2014,家族滞在,男,51歳,92
2014,特定活動,男,51歳,44
2014,永住者,男,51歳,6148
2014,日本人の配偶者等,男,51歳,895
2014,永住者の配偶者等,男,51歳,170
2014,定住者,男,51歳,575
2014,特別永住者,男,51歳,2850
2014,教授,女,51歳,39
2014,芸術,女,51歳,2
2014,宗教,女,51歳,19
2014,報道,女,51歳,0
2014,投資・経営,女,51歳,56
2014,法律・会計業務,女,51歳,0
2014,医療,女,51歳,0
2014,研究,女,51歳,4
2014,教育,女,51歳,18
2014,技術,女,51歳,8
2014,人文知識・国際業務,女,51歳,72
2014,企業内転勤,女,51歳,18
2014,興行,女,51歳,3
2014,技能,女,51歳,86
2014,技能実習1号イ,女,51歳,0
2014,技能実習1号ロ,女,51歳,2
2014,技能実習2号イ,女,51歳,0
2014,技能実習2号ロ,女,51歳,1
2014,文化活動,女,51歳,5
2014,留学,女,51歳,19
2014,研修,女,51歳,2
2014,家族滞在,女,51歳,439
2014,特定活動,女,51歳,43
2014,永住者,女,51歳,11301
2014,日本人の配偶者等,女,51歳,1697
2014,永住者の配偶者等,女,51歳,135
2014,定住者,女,51歳,846
2014,特別永住者,女,51歳,2576
2014,教授,男,52歳,68
2014,芸術,男,52歳,5
2014,宗教,男,52歳,37
2014,報道,男,52歳,3
2014,投資・経営,男,52歳,188
2014,法律・会計業務,男,52歳,5
2014,医療,男,52歳,0
2014,研究,男,52歳,6
2014,教育,男,52歳,25
2014,技術,男,52歳,126
2014,人文知識・国際業務,男,52歳,200
2014,企業内転勤,男,52歳,113
2014,興行,男,52歳,10
2014,技能,男,52歳,272
2014,技能実習1号イ,男,52歳,2
2014,技能実習1号ロ,男,52歳,0
2014,技能実習2号イ,男,52歳,0
2014,技能実習2号ロ,男,52歳,1
2014,文化活動,男,52歳,11
2014,留学,男,52歳,7
2014,研修,男,52歳,3
2014,家族滞在,男,52歳,57
2014,特定活動,男,52歳,41
2014,永住者,男,52歳,5034
2014,日本人の配偶者等,男,52歳,839
2014,永住者の配偶者等,男,52歳,129
2014,定住者,男,52歳,481
2014,特別永住者,男,52歳,3012
2014,教授,女,52歳,20
2014,芸術,女,52歳,2
2014,宗教,女,52歳,20
2014,報道,女,52歳,0
2014,投資・経営,女,52歳,46
2014,法律・会計業務,女,52歳,1
2014,医療,女,52歳,0
2014,研究,女,52歳,2
2014,教育,女,52歳,20
2014,技術,女,52歳,4
2014,人文知識・国際業務,女,52歳,52
2014,企業内転勤,女,52歳,11
2014,興行,女,52歳,0
2014,技能,女,52歳,43
2014,技能実習1号イ,女,52歳,1
2014,技能実習1号ロ,女,52歳,0
2014,技能実習2号イ,女,52歳,0
2014,技能実習2号ロ,女,52歳,0
2014,文化活動,女,52歳,5
2014,留学,女,52歳,7
2014,研修,女,52歳,0
2014,家族滞在,女,52歳,277
2014,特定活動,女,52歳,45
2014,永住者,女,52歳,9179
2014,日本人の配偶者等,女,52歳,1293
2014,永住者の配偶者等,女,52歳,117
2014,定住者,女,52歳,764
2014,特別永住者,女,52歳,2514
2014,教授,男,53歳,42
2014,芸術,男,53歳,4
2014,宗教,男,53歳,39
2014,報道,男,53歳,2
2014,投資・経営,男,53歳,212
2014,法律・会計業務,男,53歳,5
2014,医療,男,53歳,0
2014,研究,男,53歳,5
2014,教育,男,53歳,20
2014,技術,男,53歳,92
2014,人文知識・国際業務,男,53歳,190
2014,企業内転勤,男,53歳,102
2014,興行,男,53歳,7
2014,技能,男,53歳,229
2014,技能実習1号イ,男,53歳,1
2014,技能実習1号ロ,男,53歳,0
2014,技能実習2号イ,男,53歳,0
2014,技能実習2号ロ,男,53歳,0
2014,文化活動,男,53歳,6
2014,留学,男,53歳,6
2014,研修,男,53歳,1
2014,家族滞在,男,53歳,47
2014,特定活動,男,53歳,26
2014,永住者,男,53歳,4533
2014,日本人の配偶者等,男,53歳,809
2014,永住者の配偶者等,男,53歳,107
2014,定住者,男,53歳,410
2014,特別永住者,男,53歳,2966
2014,教授,女,53歳,17
2014,芸術,女,53歳,0
2014,宗教,女,53歳,27
2014,報道,女,53歳,0
2014,投資・経営,女,53歳,32
2014,法律・会計業務,女,53歳,0
2014,医療,女,53歳,0
2014,研究,女,53歳,1
2014,教育,女,53歳,13
2014,技術,女,53歳,2
2014,人文知識・国際業務,女,53歳,64
2014,企業内転勤,女,53歳,12
2014,興行,女,53歳,0
2014,技能,女,53歳,50
2014,技能実習1号イ,女,53歳,1
2014,技能実習1号ロ,女,53歳,0
2014,技能実習2号イ,女,53歳,0
2014,技能実習2号ロ,女,53歳,0
2014,文化活動,女,53歳,7
2014,留学,女,53歳,6
2014,研修,女,53歳,0
2014,家族滞在,女,53歳,227
2014,特定活動,女,53歳,40
2014,永住者,女,53歳,8577
2014,日本人の配偶者等,女,53歳,1243
2014,永住者の配偶者等,女,53歳,117
2014,定住者,女,53歳,686
2014,特別永住者,女,53歳,2529
2014,教授,男,54歳,53
2014,芸術,男,54歳,2
2014,宗教,男,54歳,43
2014,報道,男,54歳,0
2014,投資・経営,男,54歳,177
2014,法律・会計業務,男,54歳,4
2014,医療,男,54歳,0
2014,研究,男,54歳,4
2014,教育,男,54歳,19
2014,技術,男,54歳,92
2014,人文知識・国際業務,男,54歳,172
2014,企業内転勤,男,54歳,93
2014,興行,男,54歳,7
2014,技能,男,54歳,203
2014,技能実習1号イ,男,54歳,0
2014,技能実習1号ロ,男,54歳,1
2014,技能実習2号イ,男,54歳,0
2014,技能実習2号ロ,男,54歳,0
2014,文化活動,男,54歳,6
2014,留学,男,54歳,3
2014,研修,男,54歳,0
2014,家族滞在,男,54歳,31
2014,特定活動,男,54歳,19
2014,永住者,男,54歳,4307
2014,日本人の配偶者等,男,54歳,729
2014,永住者の配偶者等,男,54歳,107
2014,定住者,男,54歳,380
2014,特別永住者,男,54歳,2816
2014,教授,女,54歳,14
2014,芸術,女,54歳,3
2014,宗教,女,54歳,29
2014,報道,女,54歳,0
2014,投資・経営,女,54歳,32
2014,法律・会計業務,女,54歳,0
2014,医療,女,54歳,1
2014,研究,女,54歳,0
2014,教育,女,54歳,13
2014,技術,女,54歳,0
2014,人文知識・国際業務,女,54歳,61
2014,企業内転勤,女,54歳,8
2014,興行,女,54歳,0
2014,技能,女,54歳,41
2014,技能実習1号イ,女,54歳,0
2014,技能実習1号ロ,女,54歳,0
2014,技能実習2号イ,女,54歳,0
2014,技能実習2号ロ,女,54歳,0
2014,文化活動,女,54歳,4
2014,留学,女,54歳,3
2014,研修,女,54歳,0
2014,家族滞在,女,54歳,194
2014,特定活動,女,54歳,50
2014,永住者,女,54歳,7967
2014,日本人の配偶者等,女,54歳,1124
2014,永住者の配偶者等,女,54歳,94
2014,定住者,女,54歳,577
2014,特別永住者,女,54歳,2488
2014,教授,男,55歳,43
2014,芸術,男,55歳,6
2014,宗教,男,55歳,47
2014,報道,男,55歳,2
2014,投資・経営,男,55歳,141
2014,法律・会計業務,男,55歳,9
2014,医療,男,55歳,0
2014,研究,男,55歳,4
2014,教育,男,55歳,19
2014,技術,男,55歳,71
2014,人文知識・国際業務,男,55歳,140
2014,企業内転勤,男,55歳,70
2014,興行,男,55歳,4
2014,技能,男,55歳,180
2014,技能実習1号イ,男,55歳,0
2014,技能実習1号ロ,男,55歳,0
2014,技能実習2号イ,男,55歳,0
2014,技能実習2号ロ,男,55歳,0
2014,文化活動,男,55歳,7
2014,留学,男,55歳,5
2014,研修,男,55歳,1
2014,家族滞在,男,55歳,26
2014,特定活動,男,55歳,26
2014,永住者,男,55歳,3718
2014,日本人の配偶者等,男,55歳,736
2014,永住者の配偶者等,男,55歳,99
2014,定住者,男,55歳,321
2014,特別永住者,男,55歳,3023
2014,教授,女,55歳,17
2014,芸術,女,55歳,1
2014,宗教,女,55歳,22
2014,報道,女,55歳,0
2014,投資・経営,女,55歳,28
2014,法律・会計業務,女,55歳,0
2014,医療,女,55歳,0
2014,研究,女,55歳,0
2014,教育,女,55歳,12
2014,技術,女,55歳,0
2014,人文知識・国際業務,女,55歳,30
2014,企業内転勤,女,55歳,11
2014,興行,女,55歳,1
2014,技能,女,55歳,35
2014,技能実習1号イ,女,55歳,0
2014,技能実習1号ロ,女,55歳,0
2014,技能実習2号イ,女,55歳,0
2014,技能実習2号ロ,女,55歳,0
2014,文化活動,女,55歳,2
2014,留学,女,55歳,5
2014,研修,女,55歳,0
2014,家族滞在,女,55歳,208
2014,特定活動,女,55歳,40
2014,永住者,女,55歳,7095
2014,日本人の配偶者等,女,55歳,1004
2014,永住者の配偶者等,女,55歳,89
2014,定住者,女,55歳,548
2014,特別永住者,女,55歳,2545
2014,教授,男,56歳,31
2014,芸術,男,56歳,0
2014,宗教,男,56歳,31
2014,報道,男,56歳,2
2014,投資・経営,男,56歳,152
2014,法律・会計業務,男,56歳,6
2014,医療,男,56歳,0
2014,研究,男,56歳,4
2014,教育,男,56歳,24
2014,技術,男,56歳,65
2014,人文知識・国際業務,男,56歳,130
2014,企業内転勤,男,56歳,74
2014,興行,男,56歳,3
2014,技能,男,56歳,138
2014,技能実習1号イ,男,56歳,0
2014,技能実習1号ロ,男,56歳,0
2014,技能実習2号イ,男,56歳,0
2014,技能実習2号ロ,男,56歳,0
2014,文化活動,男,56歳,6
2014,留学,男,56歳,4
2014,研修,男,56歳,0
2014,家族滞在,男,56歳,36
2014,特定活動,男,56歳,23
2014,永住者,男,56歳,3547
2014,日本人の配偶者等,男,56歳,653
2014,永住者の配偶者等,男,56歳,81
2014,定住者,男,56歳,314
2014,特別永住者,男,56歳,2973
2014,教授,女,56歳,23
2014,芸術,女,56歳,3
2014,宗教,女,56歳,33
2014,報道,女,56歳,0
2014,投資・経営,女,56歳,35
2014,法律・会計業務,女,56歳,0
2014,医療,女,56歳,0
2014,研究,女,56歳,0
2014,教育,女,56歳,12
2014,技術,女,56歳,6
2014,人文知識・国際業務,女,56歳,32
2014,企業内転勤,女,56歳,4
2014,興行,女,56歳,1
2014,技能,女,56歳,32
2014,技能実習1号イ,女,56歳,0
2014,技能実習1号ロ,女,56歳,0
2014,技能実習2号イ,女,56歳,0
2014,技能実習2号ロ,女,56歳,0
2014,文化活動,女,56歳,3
2014,留学,女,56歳,2
2014,研修,女,56歳,0
2014,家族滞在,女,56歳,170
2014,特定活動,女,56歳,42
2014,永住者,女,56歳,6752
2014,日本人の配偶者等,女,56歳,963
2014,永住者の配偶者等,女,56歳,87
2014,定住者,女,56歳,524
2014,特別永住者,女,56歳,2616
2014,教授,男,57歳,44
2014,芸術,男,57歳,5
2014,宗教,男,57歳,35
2014,報道,男,57歳,4
2014,投資・経営,男,57歳,120
2014,法律・会計業務,男,57歳,3
2014,医療,男,57歳,0
2014,研究,男,57歳,2
2014,教育,男,57歳,17
2014,技術,男,57歳,57
2014,人文知識・国際業務,男,57歳,98
2014,企業内転勤,男,57歳,58
2014,興行,男,57歳,8
2014,技能,男,57歳,113
2014,技能実習1号イ,男,57歳,0
2014,技能実習1号ロ,男,57歳,0
2014,技能実習2号イ,男,57歳,0
2014,技能実習2号ロ,男,57歳,0
2014,文化活動,男,57歳,6
2014,留学,男,57歳,1
2014,研修,男,57歳,1
2014,家族滞在,男,57歳,33
2014,特定活動,男,57歳,23
2014,永住者,男,57歳,3310
2014,日本人の配偶者等,男,57歳,642
2014,永住者の配偶者等,男,57歳,71
2014,定住者,男,57歳,261
2014,特別永住者,男,57歳,3033
2014,教授,女,57歳,22
2014,芸術,女,57歳,1
2014,宗教,女,57歳,28
2014,報道,女,57歳,0
2014,投資・経営,女,57歳,25
2014,法律・会計業務,女,57歳,0
2014,医療,女,57歳,1
2014,研究,女,57歳,3
2014,教育,女,57歳,13
2014,技術,女,57歳,1
2014,人文知識・国際業務,女,57歳,34
2014,企業内転勤,女,57歳,4
2014,興行,女,57歳,3
2014,技能,女,57歳,29
2014,技能実習1号イ,女,57歳,0
2014,技能実習1号ロ,女,57歳,0
2014,技能実習2号イ,女,57歳,0
2014,技能実習2号ロ,女,57歳,0
2014,文化活動,女,57歳,4
2014,留学,女,57歳,2
2014,研修,女,57歳,0
2014,家族滞在,女,57歳,121
2014,特定活動,女,57歳,35
2014,永住者,女,57歳,6181
2014,日本人の配偶者等,女,57歳,881
2014,永住者の配偶者等,女,57歳,78
2014,定住者,女,57歳,465
2014,特別永住者,女,57歳,2755
2014,教授,男,58歳,46
2014,芸術,男,58歳,4
2014,宗教,男,58歳,33
2014,報道,男,58歳,6
2014,投資・経営,男,58歳,92
2014,法律・会計業務,男,58歳,4
2014,医療,男,58歳,1
2014,研究,男,58歳,8
2014,教育,男,58歳,17
2014,技術,男,58歳,55
2014,人文知識・国際業務,男,58歳,78
2014,企業内転勤,男,58歳,49
2014,興行,男,58歳,6
2014,技能,男,58歳,114
2014,技能実習1号イ,男,58歳,0
2014,技能実習1号ロ,男,58歳,0
2014,技能実習2号イ,男,58歳,0
2014,技能実習2号ロ,男,58歳,0
2014,文化活動,男,58歳,8
2014,留学,男,58歳,3
2014,研修,男,58歳,0
2014,家族滞在,男,58歳,27
2014,特定活動,男,58歳,18
2014,永住者,男,58歳,3045
2014,日本人の配偶者等,男,58歳,557
2014,永住者の配偶者等,男,58歳,50
2014,定住者,男,58歳,245
2014,特別永住者,男,58歳,3245
2014,教授,女,58歳,15
2014,芸術,女,58歳,1
2014,宗教,女,58歳,29
2014,報道,女,58歳,0
2014,投資・経営,女,58歳,40
2014,法律・会計業務,女,58歳,0
2014,医療,女,58歳,2
2014,研究,女,58歳,1
2014,教育,女,58歳,10
2014,技術,女,58歳,2
2014,人文知識・国際業務,女,58歳,36
2014,企業内転勤,女,58歳,9
2014,興行,女,58歳,0
2014,技能,女,58歳,21
2014,技能実習1号イ,女,58歳,0
2014,技能実習1号ロ,女,58歳,0
2014,技能実習2号イ,女,58歳,0
2014,技能実習2号ロ,女,58歳,0
2014,文化活動,女,58歳,3
2014,留学,女,58歳,3
2014,研修,女,58歳,0
2014,家族滞在,女,58歳,105
2014,特定活動,女,58歳,47
2014,永住者,女,58歳,5655
2014,日本人の配偶者等,女,58歳,761
2014,永住者の配偶者等,女,58歳,67
2014,定住者,女,58歳,390
2014,特別永住者,女,58歳,2827
2014,教授,男,59歳,44
2014,芸術,男,59歳,8
2014,宗教,男,59歳,35
2014,報道,男,59歳,3
2014,投資・経営,男,59歳,98
2014,法律・会計業務,男,59歳,1
2014,医療,男,59歳,0
2014,研究,男,59歳,4
2014,教育,男,59歳,11
2014,技術,男,59歳,52
2014,人文知識・国際業務,男,59歳,76
2014,企業内転勤,男,59歳,59
2014,興行,男,59歳,4
2014,技能,男,59歳,90
2014,技能実習1号イ,男,59歳,0
2014,技能実習1号ロ,男,59歳,0
2014,技能実習2号イ,男,59歳,0
2014,技能実習2号ロ,男,59歳,0
2014,文化活動,男,59歳,2
2014,留学,男,59歳,1
2014,研修,男,59歳,0
2014,家族滞在,男,59歳,17
2014,特定活動,男,59歳,20
2014,永住者,男,59歳,2887
2014,日本人の配偶者等,男,59歳,553
2014,永住者の配偶者等,男,59歳,53
2014,定住者,男,59歳,210
2014,特別永住者,男,59歳,3300
2014,教授,女,59歳,23
2014,芸術,女,59歳,4
2014,宗教,女,59歳,22
2014,報道,女,59歳,0
2014,投資・経営,女,59歳,22
2014,法律・会計業務,女,59歳,1
2014,医療,女,59歳,0
2014,研究,女,59歳,0
2014,教育,女,59歳,7
2014,技術,女,59歳,2
2014,人文知識・国際業務,女,59歳,30
2014,企業内転勤,女,59歳,5
2014,興行,女,59歳,2
2014,技能,女,59歳,25
2014,技能実習1号イ,女,59歳,0
2014,技能実習1号ロ,女,59歳,0
2014,技能実習2号イ,女,59歳,0
2014,技能実習2号ロ,女,59歳,0
2014,文化活動,女,59歳,2
2014,留学,女,59歳,0
2014,研修,女,59歳,1
2014,家族滞在,女,59歳,130
2014,特定活動,女,59歳,63
2014,永住者,女,59歳,5277
2014,日本人の配偶者等,女,59歳,688
2014,永住者の配偶者等,女,59歳,65
2014,定住者,女,59歳,372
2014,特別永住者,女,59歳,2985
2014,教授,男,60歳,38
2014,芸術,男,60歳,3
2014,宗教,男,60歳,35
2014,報道,男,60歳,1
2014,投資・経営,男,60歳,79
2014,法律・会計業務,男,60歳,0
2014,医療,男,60歳,0
2014,研究,男,60歳,2
2014,教育,男,60歳,12
2014,技術,男,60歳,40
2014,人文知識・国際業務,男,60歳,65
2014,企業内転勤,男,60歳,42
2014,興行,男,60歳,4
2014,技能,男,60歳,55
2014,技能実習1号イ,男,60歳,0
2014,技能実習1号ロ,男,60歳,0
2014,技能実習2号イ,男,60歳,0
2014,技能実習2号ロ,男,60歳,0
2014,文化活動,男,60歳,5
2014,留学,男,60歳,0
2014,研修,男,60歳,0
2014,家族滞在,男,60歳,23
2014,特定活動,男,60歳,17
2014,永住者,男,60歳,2508
2014,日本人の配偶者等,男,60歳,521
2014,永住者の配偶者等,男,60歳,59
2014,定住者,男,60歳,188
2014,特別永住者,男,60歳,3279
2014,教授,女,60歳,8
2014,芸術,女,60歳,2
2014,宗教,女,60歳,32
2014,報道,女,60歳,0
2014,投資・経営,女,60歳,19
2014,法律・会計業務,女,60歳,0
2014,医療,女,60歳,0
2014,研究,女,60歳,0
2014,教育,女,60歳,8
2014,技術,女,60歳,0
2014,人文知識・国際業務,女,60歳,23
2014,企業内転勤,女,60歳,6
2014,興行,女,60歳,0
2014,技能,女,60歳,20
2014,技能実習1号イ,女,60歳,0
2014,技能実習1号ロ,女,60歳,0
2014,技能実習2号イ,女,60歳,0
2014,技能実習2号ロ,女,60歳,0
2014,文化活動,女,60歳,1
2014,留学,女,60歳,1
2014,研修,女,60歳,0
2014,家族滞在,女,60歳,78
2014,特定活動,女,60歳,53
2014,永住者,女,60歳,4368
2014,日本人の配偶者等,女,60歳,571
2014,永住者の配偶者等,女,60歳,41
2014,定住者,女,60歳,294
2014,特別永住者,女,60歳,2996
2014,教授,男,61歳,49
2014,芸術,男,61歳,2
2014,宗教,男,61歳,35
2014,報道,男,61歳,0
2014,投資・経営,男,61歳,57
2014,法律・会計業務,男,61歳,3
2014,医療,男,61歳,0
2014,研究,男,61歳,2
2014,教育,男,61歳,10
2014,技術,男,61歳,30
2014,人文知識・国際業務,男,61歳,55
2014,企業内転勤,男,61歳,34
2014,興行,男,61歳,3
2014,技能,男,61歳,40
2014,技能実習1号イ,男,61歳,0
2014,技能実習1号ロ,男,61歳,0
2014,技能実習2号イ,男,61歳,0
2014,技能実習2号ロ,男,61歳,0
2014,文化活動,男,61歳,5
2014,留学,男,61歳,0
2014,研修,男,61歳,0
2014,家族滞在,男,61歳,16
2014,特定活動,男,61歳,17
2014,永住者,男,61歳,2202
2014,日本人の配偶者等,男,61歳,470
2014,永住者の配偶者等,男,61歳,39
2014,定住者,男,61歳,159
2014,特別永住者,男,61歳,3498
2014,教授,女,61歳,14
2014,芸術,女,61歳,1
2014,宗教,女,61歳,21
2014,報道,女,61歳,0
2014,投資・経営,女,61歳,15
2014,法律・会計業務,女,61歳,0
2014,医療,女,61歳,0
2014,研究,女,61歳,0
2014,教育,女,61歳,7
2014,技術,女,61歳,1
2014,人文知識・国際業務,女,61歳,21
2014,企業内転勤,女,61歳,2
2014,興行,女,61歳,2
2014,技能,女,61歳,17
2014,技能実習1号イ,女,61歳,0
2014,技能実習1号ロ,女,61歳,0
2014,技能実習2号イ,女,61歳,0
2014,技能実習2号ロ,女,61歳,0
2014,文化活動,女,61歳,4
2014,留学,女,61歳,2
2014,研修,女,61歳,0
2014,家族滞在,女,61歳,64
2014,特定活動,女,61歳,47
2014,永住者,女,61歳,3812
2014,日本人の配偶者等,女,61歳,547
2014,永住者の配偶者等,女,61歳,32
2014,定住者,女,61歳,220
2014,特別永住者,女,61歳,3147
2014,教授,男,62歳,33
2014,芸術,男,62歳,0
2014,宗教,男,62歳,26
2014,報道,男,62歳,1
2014,投資・経営,男,62歳,56
2014,法律・会計業務,男,62歳,1
2014,医療,男,62歳,0
2014,研究,男,62歳,4
2014,教育,男,62歳,10
2014,技術,男,62歳,24
2014,人文知識・国際業務,男,62歳,53
2014,企業内転勤,男,62歳,37
2014,興行,男,62歳,1
2014,技能,男,62歳,26
2014,技能実習1号イ,男,62歳,0
2014,技能実習1号ロ,男,62歳,0
2014,技能実習2号イ,男,62歳,0
2014,技能実習2号ロ,男,62歳,0
2014,文化活動,男,62歳,1
2014,留学,男,62歳,1
2014,研修,男,62歳,0
2014,家族滞在,男,62歳,13
2014,特定活動,男,62歳,12
2014,永住者,男,62歳,1982
2014,日本人の配偶者等,男,62歳,393
2014,永住者の配偶者等,男,62歳,41
2014,定住者,男,62歳,138
2014,特別永住者,男,62歳,3607
2014,教授,女,62歳,17
2014,芸術,女,62歳,1
2014,宗教,女,62歳,32
2014,報道,女,62歳,0
2014,投資・経営,女,62歳,16
2014,法律・会計業務,女,62歳,0
2014,医療,女,62歳,0
2014,研究,女,62歳,1
2014,教育,女,62歳,11
2014,技術,女,62歳,0
2014,人文知識・国際業務,女,62歳,10
2014,企業内転勤,女,62歳,1
2014,興行,女,62歳,0
2014,技能,女,62歳,9
2014,技能実習1号イ,女,62歳,0
2014,技能実習1号ロ,女,62歳,0
2014,技能実習2号イ,女,62歳,0
2014,技能実習2号ロ,女,62歳,0
2014,文化活動,女,62歳,1
2014,留学,女,62歳,2
2014,研修,女,62歳,0
2014,家族滞在,女,62歳,50
2014,特定活動,女,62歳,46
2014,永住者,女,62歳,3320
2014,日本人の配偶者等,女,62歳,444
2014,永住者の配偶者等,女,62歳,40
2014,定住者,女,62歳,222
2014,特別永住者,女,62歳,3300
2014,教授,男,63歳,28
2014,芸術,男,63歳,2
2014,宗教,男,63歳,37
2014,報道,男,63歳,1
2014,投資・経営,男,63歳,47
2014,法律・会計業務,男,63歳,0
2014,医療,男,63歳,0
2014,研究,男,63歳,1
2014,教育,男,63歳,6
2014,技術,男,63歳,22
2014,人文知識・国際業務,男,63歳,31
2014,企業内転勤,男,63歳,13
2014,興行,男,63歳,3
2014,技能,男,63歳,21
2014,技能実習1号イ,男,63歳,0
2014,技能実習1号ロ,男,63歳,0
2014,技能実習2号イ,男,63歳,0
2014,技能実習2号ロ,男,63歳,0
2014,文化活動,男,63歳,3
2014,留学,男,63歳,1
2014,研修,男,63歳,0
2014,家族滞在,男,63歳,14
2014,特定活動,男,63歳,15
2014,永住者,男,63歳,1772
2014,日本人の配偶者等,男,63歳,406
2014,永住者の配偶者等,男,63歳,20
2014,定住者,男,63歳,136
2014,特別永住者,男,63歳,3620
2014,教授,女,63歳,7
2014,芸術,女,63歳,2
2014,宗教,女,63歳,18
2014,報道,女,63歳,0
2014,投資・経営,女,63歳,12
2014,法律・会計業務,女,63歳,0
2014,医療,女,63歳,0
2014,研究,女,63歳,0
2014,教育,女,63歳,9
2014,技術,女,63歳,0
2014,人文知識・国際業務,女,63歳,13
2014,企業内転勤,女,63歳,1
2014,興行,女,63歳,0
2014,技能,女,63歳,7
2014,技能実習1号イ,女,63歳,0
2014,技能実習1号ロ,女,63歳,0
2014,技能実習2号イ,女,63歳,0
2014,技能実習2号ロ,女,63歳,0
2014,文化活動,女,63歳,1
2014,留学,女,63歳,0
2014,研修,女,63歳,0
2014,家族滞在,女,63歳,38
2014,特定活動,女,63歳,34
2014,永住者,女,63歳,2791
2014,日本人の配偶者等,女,63歳,363
2014,永住者の配偶者等,女,63歳,17
2014,定住者,女,63歳,183
2014,特別永住者,女,63歳,3310
2014,教授,男,64歳,23
2014,芸術,男,64歳,2
2014,宗教,男,64歳,27
2014,報道,男,64歳,0
2014,投資・経営,男,64歳,42
2014,法律・会計業務,男,64歳,3
2014,医療,男,64歳,0
2014,研究,男,64歳,1
2014,教育,男,64歳,3
2014,技術,男,64歳,15
2014,人文知識・国際業務,男,64歳,29
2014,企業内転勤,男,64歳,15
2014,興行,男,64歳,1
2014,技能,男,64歳,15
2014,技能実習1号イ,男,64歳,0
2014,技能実習1号ロ,男,64歳,0
2014,技能実習2号イ,男,64歳,0
2014,技能実習2号ロ,男,64歳,0
2014,文化活動,男,64歳,3
2014,留学,男,64歳,4
2014,研修,男,64歳,0
2014,家族滞在,男,64歳,11
2014,特定活動,男,64歳,18
2014,永住者,男,64歳,1609
2014,日本人の配偶者等,男,64歳,379
2014,永住者の配偶者等,男,64歳,21
2014,定住者,男,64歳,117
2014,特別永住者,男,64歳,3811
2014,教授,女,64歳,9
2014,芸術,女,64歳,1
2014,宗教,女,64歳,35
2014,報道,女,64歳,1
2014,投資・経営,女,64歳,10
2014,法律・会計業務,女,64歳,0
2014,医療,女,64歳,0
2014,研究,女,64歳,0
2014,教育,女,64歳,3
2014,技術,女,64歳,0
2014,人文知識・国際業務,女,64歳,8
2014,企業内転勤,女,64歳,1
2014,興行,女,64歳,0
2014,技能,女,64歳,5
2014,技能実習1号イ,女,64歳,0
2014,技能実習1号ロ,女,64歳,0
2014,技能実習2号イ,女,64歳,0
2014,技能実習2号ロ,女,64歳,0
2014,文化活動,女,64歳,0
2014,留学,女,64歳,1
2014,研修,女,64歳,0
2014,家族滞在,女,64歳,22
2014,特定活動,女,64歳,38
2014,永住者,女,64歳,2552
2014,日本人の配偶者等,女,64歳,333
2014,永住者の配偶者等,女,64歳,22
2014,定住者,女,64歳,166
2014,特別永住者,女,64歳,3494
2014,教授,男,65歳,21
2014,芸術,男,65歳,3
2014,宗教,男,65歳,30
2014,報道,男,65歳,0
2014,投資・経営,男,65歳,28
2014,法律・会計業務,男,65歳,2
2014,医療,男,65歳,0
2014,研究,男,65歳,2
2014,教育,男,65歳,6
2014,技術,男,65歳,10
2014,人文知識・国際業務,男,65歳,29
2014,企業内転勤,男,65歳,18
2014,興行,男,65歳,0
2014,技能,男,65歳,7
2014,技能実習1号イ,男,65歳,0
2014,技能実習1号ロ,男,65歳,0
2014,技能実習2号イ,男,65歳,0
2014,技能実習2号ロ,男,65歳,0
2014,文化活動,男,65歳,2
2014,留学,男,65歳,0
2014,研修,男,65歳,0
2014,家族滞在,男,65歳,8
2014,特定活動,男,65歳,17
2014,永住者,男,65歳,1438
2014,日本人の配偶者等,男,65歳,301
2014,永住者の配偶者等,男,65歳,16
2014,定住者,男,65歳,87
2014,特別永住者,男,65歳,3859
2014,教授,女,65歳,6
2014,芸術,女,65歳,1
2014,宗教,女,65歳,15
2014,報道,女,65歳,0
2014,投資・経営,女,65歳,8
2014,法律・会計業務,女,65歳,0
2014,医療,女,65歳,0
2014,研究,女,65歳,0
2014,教育,女,65歳,5
2014,技術,女,65歳,0
2014,人文知識・国際業務,女,65歳,9
2014,企業内転勤,女,65歳,0
2014,興行,女,65歳,1
2014,技能,女,65歳,5
2014,技能実習1号イ,女,65歳,0
2014,技能実習1号ロ,女,65歳,0
2014,技能実習2号イ,女,65歳,0
2014,技能実習2号ロ,女,65歳,0
2014,文化活動,女,65歳,3
2014,留学,女,65歳,1
2014,研修,女,65歳,0
2014,家族滞在,女,65歳,25
2014,特定活動,女,65歳,52
2014,永住者,女,65歳,2108
2014,日本人の配偶者等,女,65歳,284
2014,永住者の配偶者等,女,65歳,19
2014,定住者,女,65歳,134
2014,特別永住者,女,65歳,3601
2014,教授,男,66歳,14
2014,芸術,男,66歳,5
2014,宗教,男,66歳,28
2014,報道,男,66歳,0
2014,投資・経営,男,66歳,29
2014,法律・会計業務,男,66歳,3
2014,医療,男,66歳,1
2014,研究,男,66歳,3
2014,教育,男,66歳,2
2014,技術,男,66歳,12
2014,人文知識・国際業務,男,66歳,23
2014,企業内転勤,男,66歳,15
2014,興行,男,66歳,2
2014,技能,男,66歳,7
2014,技能実習1号イ,男,66歳,0
2014,技能実習1号ロ,男,66歳,0
2014,技能実習2号イ,男,66歳,0
2014,技能実習2号ロ,男,66歳,0
2014,文化活動,男,66歳,2
2014,留学,男,66歳,2
2014,研修,男,66歳,0
2014,家族滞在,男,66歳,3
2014,特定活動,男,66歳,19
2014,永住者,男,66歳,1458
2014,日本人の配偶者等,男,66歳,284
2014,永住者の配偶者等,男,66歳,16
2014,定住者,男,66歳,101
2014,特別永住者,男,66歳,3795
2014,教授,女,66歳,3
2014,芸術,女,66歳,2
2014,宗教,女,66歳,10
2014,報道,女,66歳,0
2014,投資・経営,女,66歳,11
2014,法律・会計業務,女,66歳,0
2014,医療,女,66歳,0
2014,研究,女,66歳,0
2014,教育,女,66歳,2
2014,技術,女,66歳,0
2014,人文知識・国際業務,女,66歳,4
2014,企業内転勤,女,66歳,0
2014,興行,女,66歳,0
2014,技能,女,66歳,5
2014,技能実習1号イ,女,66歳,0
2014,技能実習1号ロ,女,66歳,0
2014,技能実習2号イ,女,66歳,0
2014,技能実習2号ロ,女,66歳,0
2014,文化活動,女,66歳,2
2014,留学,女,66歳,0
2014,研修,女,66歳,0
2014,家族滞在,女,66歳,27
2014,特定活動,女,66歳,68
2014,永住者,女,66歳,1872
2014,日本人の配偶者等,女,66歳,260
2014,永住者の配偶者等,女,66歳,20
2014,定住者,女,66歳,120
2014,特別永住者,女,66歳,3640
2014,教授,男,67歳,18
2014,芸術,男,67歳,0
2014,宗教,男,67歳,17
2014,報道,男,67歳,0
2014,投資・経営,男,67歳,19
2014,法律・会計業務,男,67歳,0
2014,医療,男,67歳,0
2014,研究,男,67歳,2
2014,教育,男,67歳,1
2014,技術,男,67歳,10
2014,人文知識・国際業務,男,67歳,25
2014,企業内転勤,男,67歳,7
2014,興行,男,67歳,0
2014,技能,男,67歳,8
2014,技能実習1号イ,男,67歳,0
2014,技能実習1号ロ,男,67歳,0
2014,技能実習2号イ,男,67歳,0
2014,技能実習2号ロ,男,67歳,0
2014,文化活動,男,67歳,2
2014,留学,男,67歳,0
2014,研修,男,67歳,0
2014,家族滞在,男,67歳,5
2014,特定活動,男,67歳,18
2014,永住者,男,67歳,1194
2014,日本人の配偶者等,男,67歳,233
2014,永住者の配偶者等,男,67歳,19
2014,定住者,男,67歳,81
2014,特別永住者,男,67歳,3453
2014,教授,女,67歳,7
2014,芸術,女,67歳,0
2014,宗教,女,67歳,12
2014,報道,女,67歳,0
2014,投資・経営,女,67歳,2
2014,法律・会計業務,女,67歳,0
2014,医療,女,67歳,0
2014,研究,女,67歳,0
2014,教育,女,67歳,2
2014,技術,女,67歳,0
2014,人文知識・国際業務,女,67歳,3
2014,企業内転勤,女,67歳,1
2014,興行,女,67歳,0
2014,技能,女,67歳,2
2014,技能実習1号イ,女,67歳,0
2014,技能実習1号ロ,女,67歳,0
2014,技能実習2号イ,女,67歳,0
2014,技能実習2号ロ,女,67歳,0
2014,文化活動,女,67歳,1
2014,留学,女,67歳,0
2014,研修,女,67歳,0
2014,家族滞在,女,67歳,17
2014,特定活動,女,67歳,76
2014,永住者,女,67歳,1733
2014,日本人の配偶者等,女,67歳,211
2014,永住者の配偶者等,女,67歳,10
2014,定住者,女,67歳,96
2014,特別永住者,女,67歳,3283
2014,教授,男,68歳,16
2014,芸術,男,68歳,1
2014,宗教,男,68歳,21
2014,報道,男,68歳,2
2014,投資・経営,男,68歳,15
2014,法律・会計業務,男,68歳,0
2014,医療,男,68歳,0
2014,研究,男,68歳,2
2014,教育,男,68歳,2
2014,技術,男,68歳,6
2014,人文知識・国際業務,男,68歳,14
2014,企業内転勤,男,68歳,8
2014,興行,男,68歳,1
2014,技能,男,68歳,2
2014,技能実習1号イ,男,68歳,0
2014,技能実習1号ロ,男,68歳,0
2014,技能実習2号イ,男,68歳,0
2014,技能実習2号ロ,男,68歳,0
2014,文化活動,男,68歳,2
2014,留学,男,68歳,0
2014,研修,男,68歳,0
2014,家族滞在,男,68歳,4
2014,特定活動,男,68歳,17
2014,永住者,男,68歳,998
2014,日本人の配偶者等,男,68歳,163
2014,永住者の配偶者等,男,68歳,14
2014,定住者,男,68歳,68
2014,特別永住者,男,68歳,2933
2014,教授,女,68歳,1
2014,芸術,女,68歳,0
2014,宗教,女,68歳,9
2014,報道,女,68歳,0
2014,投資・経営,女,68歳,3
2014,法律・会計業務,女,68歳,0
2014,医療,女,68歳,0
2014,研究,女,68歳,1
2014,教育,女,68歳,0
2014,技術,女,68歳,0
2014,人文知識・国際業務,女,68歳,4
2014,企業内転勤,女,68歳,0
2014,興行,女,68歳,0
2014,技能,女,68歳,0
2014,技能実習1号イ,女,68歳,0
2014,技能実習1号ロ,女,68歳,0
2014,技能実習2号イ,女,68歳,0
2014,技能実習2号ロ,女,68歳,0
2014,文化活動,女,68歳,0
2014,留学,女,68歳,0
2014,研修,女,68歳,0
2014,家族滞在,女,68歳,13
2014,特定活動,女,68歳,70
2014,永住者,女,68歳,1179
2014,日本人の配偶者等,女,68歳,152
2014,永住者の配偶者等,女,68歳,6
2014,定住者,女,68歳,105
2014,特別永住者,女,68歳,2948
2014,教授,男,69歳,12
2014,芸術,男,69歳,2
2014,宗教,男,69歳,15
2014,報道,男,69歳,0
2014,投資・経営,男,69歳,12
2014,法律・会計業務,男,69歳,0
2014,医療,男,69歳,0
2014,研究,男,69歳,0
2014,教育,男,69歳,2
2014,技術,男,69歳,7
2014,人文知識・国際業務,男,69歳,10
2014,企業内転勤,男,69歳,2
2014,興行,男,69歳,1
2014,技能,男,69歳,0
2014,技能実習1号イ,男,69歳,0
2014,技能実習1号ロ,男,69歳,0
2014,技能実習2号イ,男,69歳,0
2014,技能実習2号ロ,男,69歳,0
2014,文化活動,男,69歳,1
2014,留学,男,69歳,0
2014,研修,男,69歳,0
2014,家族滞在,男,69歳,5
2014,特定活動,男,69歳,19
2014,永住者,男,69歳,908
2014,日本人の配偶者等,男,69歳,140
2014,永住者の配偶者等,男,69歳,11
2014,定住者,男,69歳,78
2014,特別永住者,男,69歳,2739
2014,教授,女,69歳,2
2014,芸術,女,69歳,0
2014,宗教,女,69歳,15
2014,報道,女,69歳,0
2014,投資・経営,女,69歳,6
2014,法律・会計業務,女,69歳,0
2014,医療,女,69歳,0
2014,研究,女,69歳,0
2014,教育,女,69歳,1
2014,技術,女,69歳,0
2014,人文知識・国際業務,女,69歳,4
2014,企業内転勤,女,69歳,1
2014,興行,女,69歳,0
2014,技能,女,69歳,2
2014,技能実習1号イ,女,69歳,0
2014,技能実習1号ロ,女,69歳,0
2014,技能実習2号イ,女,69歳,0
2014,技能実習2号ロ,女,69歳,0
2014,文化活動,女,69歳,1
2014,留学,女,69歳,0
2014,研修,女,69歳,0
2014,家族滞在,女,69歳,12
2014,特定活動,女,69歳,67
2014,永住者,女,69歳,1170
2014,日本人の配偶者等,女,69歳,132
2014,永住者の配偶者等,女,69歳,6
2014,定住者,女,69歳,79
2014,特別永住者,女,69歳,3057
2014,教授,男,70歳,9
2014,芸術,男,70歳,3
2014,宗教,男,70歳,12
2014,報道,男,70歳,1
2014,投資・経営,男,70歳,4
2014,法律・会計業務,男,70歳,0
2014,医療,男,70歳,1
2014,研究,男,70歳,1
2014,教育,男,70歳,2
2014,技術,男,70歳,6
2014,人文知識・国際業務,男,70歳,9
2014,企業内転勤,男,70歳,6
2014,興行,男,70歳,0
2014,技能,男,70歳,1
2014,技能実習1号イ,男,70歳,0
2014,技能実習1号ロ,男,70歳,0
2014,技能実習2号イ,男,70歳,0
2014,技能実習2号ロ,男,70歳,0
2014,文化活動,男,70歳,0
2014,留学,男,70歳,0
2014,研修,男,70歳,0
2014,家族滞在,男,70歳,3
2014,特定活動,男,70歳,19
2014,永住者,男,70歳,831
2014,日本人の配偶者等,男,70歳,132
2014,永住者の配偶者等,男,70歳,8
2014,定住者,男,70歳,74
2014,特別永住者,男,70歳,2738
2014,教授,女,70歳,2
2014,芸術,女,70歳,1
2014,宗教,女,70歳,9
2014,報道,女,70歳,0
2014,投資・経営,女,70歳,8
2014,法律・会計業務,女,70歳,0
2014,医療,女,70歳,0
2014,研究,女,70歳,0
2014,教育,女,70歳,0
2014,技術,女,70歳,0
2014,人文知識・国際業務,女,70歳,3
2014,企業内転勤,女,70歳,0
2014,興行,女,70歳,0
2014,技能,女,70歳,1
2014,技能実習1号イ,女,70歳,0
2014,技能実習1号ロ,女,70歳,0
2014,技能実習2号イ,女,70歳,0
2014,技能実習2号ロ,女,70歳,0
2014,文化活動,女,70歳,1
2014,留学,女,70歳,0
2014,研修,女,70歳,0
2014,家族滞在,女,70歳,13
2014,特定活動,女,70歳,67
2014,永住者,女,70歳,1106
2014,日本人の配偶者等,女,70歳,135
2014,永住者の配偶者等,女,70歳,5
2014,定住者,女,70歳,88
2014,特別永住者,女,70歳,3198
2014,教授,男,71歳,7
2014,芸術,男,71歳,1
2014,宗教,男,71歳,14
2014,報道,男,71歳,1
2014,投資・経営,男,71歳,8
2014,法律・会計業務,男,71歳,0
2014,医療,男,71歳,1
2014,研究,男,71歳,0
2014,教育,男,71歳,0
2014,技術,男,71歳,3
2014,人文知識・国際業務,男,71歳,8
2014,企業内転勤,男,71歳,1
2014,興行,男,71歳,0
2014,技能,男,71歳,0
2014,技能実習1号イ,男,71歳,0
2014,技能実習1号ロ,男,71歳,0
2014,技能実習2号イ,男,71歳,0
2014,技能実習2号ロ,男,71歳,0
2014,文化活動,男,71歳,1
2014,留学,男,71歳,0
2014,研修,男,71歳,0
2014,家族滞在,男,71歳,2
2014,特定活動,男,71歳,25
2014,永住者,男,71歳,769
2014,日本人の配偶者等,男,71歳,102
2014,永住者の配偶者等,男,71歳,9
2014,定住者,男,71歳,58
2014,特別永住者,男,71歳,2488
2014,教授,女,71歳,1
2014,芸術,女,71歳,0
2014,宗教,女,71歳,7
2014,報道,女,71歳,0
2014,投資・経営,女,71歳,3
2014,法律・会計業務,女,71歳,0
2014,医療,女,71歳,0
2014,研究,女,71歳,0
2014,教育,女,71歳,0
2014,技術,女,71歳,0
2014,人文知識・国際業務,女,71歳,2
2014,企業内転勤,女,71歳,0
2014,興行,女,71歳,0
2014,技能,女,71歳,0
2014,技能実習1号イ,女,71歳,0
2014,技能実習1号ロ,女,71歳,0
2014,技能実習2号イ,女,71歳,0
2014,技能実習2号ロ,女,71歳,0
2014,文化活動,女,71歳,0
2014,留学,女,71歳,0
2014,研修,女,71歳,0
2014,家族滞在,女,71歳,6
2014,特定活動,女,71歳,71
2014,永住者,女,71歳,979
2014,日本人の配偶者等,女,71歳,98
2014,永住者の配偶者等,女,71歳,5
2014,定住者,女,71歳,74
2014,特別永住者,女,71歳,2977
2014,教授,男,72歳,6
2014,芸術,男,72歳,0
2014,宗教,男,72歳,17
2014,報道,男,72歳,0
2014,投資・経営,男,72歳,3
2014,法律・会計業務,男,72歳,0
2014,医療,男,72歳,0
2014,研究,男,72歳,1
2014,教育,男,72歳,1
2014,技術,男,72歳,1
2014,人文知識・国際業務,男,72歳,2
2014,企業内転勤,男,72歳,0
2014,興行,男,72歳,0
2014,技能,男,72歳,1
2014,技能実習1号イ,男,72歳,0
2014,技能実習1号ロ,男,72歳,0
2014,技能実習2号イ,男,72歳,0
2014,技能実習2号ロ,男,72歳,0
2014,文化活動,男,72歳,0
2014,留学,男,72歳,0
2014,研修,男,72歳,0
2014,家族滞在,男,72歳,4
2014,特定活動,男,72歳,21
2014,永住者,男,72歳,730
2014,日本人の配偶者等,男,72歳,87
2014,永住者の配偶者等,男,72歳,7
2014,定住者,男,72歳,48
2014,特別永住者,男,72歳,2466
2014,教授,女,72歳,0
2014,芸術,女,72歳,0
2014,宗教,女,72歳,12
2014,報道,女,72歳,0
2014,投資・経営,女,72歳,3
2014,法律・会計業務,女,72歳,0
2014,医療,女,72歳,0
2014,研究,女,72歳,0
2014,教育,女,72歳,0
2014,技術,女,72歳,0
2014,人文知識・国際業務,女,72歳,1
2014,企業内転勤,女,72歳,0
2014,興行,女,72歳,0
2014,技能,女,72歳,0
2014,技能実習1号イ,女,72歳,0
2014,技能実習1号ロ,女,72歳,0
2014,技能実習2号イ,女,72歳,0
2014,技能実習2号ロ,女,72歳,0
2014,文化活動,女,72歳,0
2014,留学,女,72歳,0
2014,研修,女,72歳,0
2014,家族滞在,女,72歳,7
2014,特定活動,女,72歳,62
2014,永住者,女,72歳,920
2014,日本人の配偶者等,女,72歳,85
2014,永住者の配偶者等,女,72歳,8
2014,定住者,女,72歳,78
2014,特別永住者,女,72歳,2920
2014,教授,男,73歳,7
2014,芸術,男,73歳,2
2014,宗教,男,73歳,15
2014,報道,男,73歳,2
2014,投資・経営,男,73歳,3
2014,法律・会計業務,男,73歳,0
2014,医療,男,73歳,0
2014,研究,男,73歳,2
2014,教育,男,73歳,0
2014,技術,男,73歳,1
2014,人文知識・国際業務,男,73歳,4
2014,企業内転勤,男,73歳,2
2014,興行,男,73歳,0
2014,技能,男,73歳,0
2014,技能実習1号イ,男,73歳,0
2014,技能実習1号ロ,男,73歳,0
2014,技能実習2号イ,男,73歳,0
2014,技能実習2号ロ,男,73歳,0
2014,文化活動,男,73歳,0
2014,留学,男,73歳,0
2014,研修,男,73歳,0
2014,家族滞在,男,73歳,2
2014,特定活動,男,73歳,27
2014,永住者,男,73歳,630
2014,日本人の配偶者等,男,73歳,55
2014,永住者の配偶者等,男,73歳,7
2014,定住者,男,73歳,48
2014,特別永住者,男,73歳,2298
2014,教授,女,73歳,0
2014,芸術,女,73歳,0
2014,宗教,女,73歳,7
2014,報道,女,73歳,0
2014,投資・経営,女,73歳,1
2014,法律・会計業務,女,73歳,0
2014,医療,女,73歳,0
2014,研究,女,73歳,0
2014,教育,女,73歳,0
2014,技術,女,73歳,0
2014,人文知識・国際業務,女,73歳,0
2014,企業内転勤,女,73歳,1
2014,興行,女,73歳,0
2014,技能,女,73歳,3
2014,技能実習1号イ,女,73歳,0
2014,技能実習1号ロ,女,73歳,0
2014,技能実習2号イ,女,73歳,0
2014,技能実習2号ロ,女,73歳,0
2014,文化活動,女,73歳,1
2014,留学,女,73歳,0
2014,研修,女,73歳,0
2014,家族滞在,女,73歳,6
2014,特定活動,女,73歳,89
2014,永住者,女,73歳,815
2014,日本人の配偶者等,女,73歳,59
2014,永住者の配偶者等,女,73歳,3
2014,定住者,女,73歳,50
2014,特別永住者,女,73歳,3071
2014,教授,男,74歳,0
2014,芸術,男,74歳,0
2014,宗教,男,74歳,9
2014,報道,男,74歳,1
2014,投資・経営,男,74歳,3
2014,法律・会計業務,男,74歳,0
2014,医療,男,74歳,0
2014,研究,男,74歳,0
2014,教育,男,74歳,0
2014,技術,男,74歳,1
2014,人文知識・国際業務,男,74歳,2
2014,企業内転勤,男,74歳,1
2014,興行,男,74歳,0
2014,技能,男,74歳,2
2014,技能実習1号イ,男,74歳,0
2014,技能実習1号ロ,男,74歳,0
2014,技能実習2号イ,男,74歳,0
2014,技能実習2号ロ,男,74歳,0
2014,文化活動,男,74歳,1
2014,留学,男,74歳,0
2014,研修,男,74歳,0
2014,家族滞在,男,74歳,2
2014,特定活動,男,74歳,28
2014,永住者,男,74歳,540
2014,日本人の配偶者等,男,74歳,57
2014,永住者の配偶者等,男,74歳,8
2014,定住者,男,74歳,46
2014,特別永住者,男,74歳,2074
2014,教授,女,74歳,0
2014,芸術,女,74歳,0
2014,宗教,女,74歳,8
2014,報道,女,74歳,0
2014,投資・経営,女,74歳,0
2014,法律・会計業務,女,74歳,0
2014,医療,女,74歳,0
2014,研究,女,74歳,0
2014,教育,女,74歳,0
2014,技術,女,74歳,0
2014,人文知識・国際業務,女,74歳,2
2014,企業内転勤,女,74歳,0
2014,興行,女,74歳,0
2014,技能,女,74歳,0
2014,技能実習1号イ,女,74歳,0
2014,技能実習1号ロ,女,74歳,0
2014,技能実習2号イ,女,74歳,0
2014,技能実習2号ロ,女,74歳,0
2014,文化活動,女,74歳,0
2014,留学,女,74歳,0
2014,研修,女,74歳,0
2014,家族滞在,女,74歳,2
2014,特定活動,女,74歳,86
2014,永住者,女,74歳,683
2014,日本人の配偶者等,女,74歳,58
2014,永住者の配偶者等,女,74歳,1
2014,定住者,女,74歳,62
2014,特別永住者,女,74歳,2844
2014,教授,男,75歳,7
2014,芸術,男,75歳,2
2014,宗教,男,75歳,16
2014,報道,男,75歳,0
2014,投資・経営,男,75歳,1
2014,法律・会計業務,男,75歳,0
2014,医療,男,75歳,0
2014,研究,男,75歳,1
2014,教育,男,75歳,0
2014,技術,男,75歳,1
2014,人文知識・国際業務,男,75歳,2
2014,企業内転勤,男,75歳,0
2014,興行,男,75歳,0
2014,技能,男,75歳,1
2014,技能実習1号イ,男,75歳,0
2014,技能実習1号ロ,男,75歳,0
2014,技能実習2号イ,男,75歳,0
2014,技能実習2号ロ,男,75歳,0
2014,文化活動,男,75歳,1
2014,留学,男,75歳,0
2014,研修,男,75歳,0
2014,家族滞在,男,75歳,5
2014,特定活動,男,75歳,28
2014,永住者,男,75歳,509
2014,日本人の配偶者等,男,75歳,45
2014,永住者の配偶者等,男,75歳,2
2014,定住者,男,75歳,55
2014,特別永住者,男,75歳,1891
2014,教授,女,75歳,0
2014,芸術,女,75歳,0
2014,宗教,女,75歳,4
2014,報道,女,75歳,0
2014,投資・経営,女,75歳,3
2014,法律・会計業務,女,75歳,0
2014,医療,女,75歳,0
2014,研究,女,75歳,0
2014,教育,女,75歳,0
2014,技術,女,75歳,0
2014,人文知識・国際業務,女,75歳,0
2014,企業内転勤,女,75歳,0
2014,興行,女,75歳,0
2014,技能,女,75歳,0
2014,技能実習1号イ,女,75歳,0
2014,技能実習1号ロ,女,75歳,0
2014,技能実習2号イ,女,75歳,0
2014,技能実習2号ロ,女,75歳,0
2014,文化活動,女,75歳,0
2014,留学,女,75歳,0
2014,研修,女,75歳,0
2014,家族滞在,女,75歳,5
2014,特定活動,女,75歳,84
2014,永住者,女,75歳,556
2014,日本人の配偶者等,女,75歳,51
2014,永住者の配偶者等,女,75歳,2
2014,定住者,女,75歳,56
2014,特別永住者,女,75歳,2557
2014,教授,男,76歳,2
2014,芸術,男,76歳,0
2014,宗教,男,76歳,6
2014,報道,男,76歳,0
2014,投資・経営,男,76歳,2
2014,法律・会計業務,男,76歳,0
2014,医療,男,76歳,0
2014,研究,男,76歳,0
2014,教育,男,76歳,0
2014,技術,男,76歳,1
2014,人文知識・国際業務,男,76歳,0
2014,企業内転勤,男,76歳,0
2014,興行,男,76歳,0
2014,技能,男,76歳,1
2014,技能実習1号イ,男,76歳,0
2014,技能実習1号ロ,男,76歳,0
2014,技能実習2号イ,男,76歳,0
2014,技能実習2号ロ,男,76歳,0
2014,文化活動,男,76歳,0
2014,留学,男,76歳,0
2014,研修,男,76歳,0
2014,家族滞在,男,76歳,2
2014,特定活動,男,76歳,31
2014,永住者,男,76歳,506
2014,日本人の配偶者等,男,76歳,42
2014,永住者の配偶者等,男,76歳,1
2014,定住者,男,76歳,64
2014,特別永住者,男,76歳,1670
2014,教授,女,76歳,1
2014,芸術,女,76歳,0
2014,宗教,女,76歳,3
2014,報道,女,76歳,0
2014,投資・経営,女,76歳,1
2014,法律・会計業務,女,76歳,0
2014,医療,女,76歳,0
2014,研究,女,76歳,0
2014,教育,女,76歳,0
2014,技術,女,76歳,0
2014,人文知識・国際業務,女,76歳,0
2014,企業内転勤,女,76歳,0
2014,興行,女,76歳,0
2014,技能,女,76歳,0
2014,技能実習1号イ,女,76歳,0
2014,技能実習1号ロ,女,76歳,0
2014,技能実習2号イ,女,76歳,0
2014,技能実習2号ロ,女,76歳,0
2014,文化活動,女,76歳,1
2014,留学,女,76歳,0
2014,研修,女,76歳,0
2014,家族滞在,女,76歳,1
2014,特定活動,女,76歳,78
2014,永住者,女,76歳,525
2014,日本人の配偶者等,女,76歳,41
2014,永住者の配偶者等,女,76歳,0
2014,定住者,女,76歳,62
2014,特別永住者,女,76歳,2486
2014,教授,男,77歳,4
2014,芸術,男,77歳,0
2014,宗教,男,77歳,10
2014,報道,男,77歳,0
2014,投資・経営,男,77歳,4
2014,法律・会計業務,男,77歳,0
2014,医療,男,77歳,0
2014,研究,男,77歳,0
2014,教育,男,77歳,0
2014,技術,男,77歳,0
2014,人文知識・国際業務,男,77歳,3
2014,企業内転勤,男,77歳,1
2014,興行,男,77歳,0
2014,技能,男,77歳,0
2014,技能実習1号イ,男,77歳,0
2014,技能実習1号ロ,男,77歳,0
2014,技能実習2号イ,男,77歳,0
2014,技能実習2号ロ,男,77歳,0
2014,文化活動,男,77歳,0
2014,留学,男,77歳,1
2014,研修,男,77歳,0
2014,家族滞在,男,77歳,0
2014,特定活動,男,77歳,23
2014,永住者,男,77歳,471
2014,日本人の配偶者等,男,77歳,38
2014,永住者の配偶者等,男,77歳,7
2014,定住者,男,77歳,42
2014,特別永住者,男,77歳,1599
2014,教授,女,77歳,0
2014,芸術,女,77歳,0
2014,宗教,女,77歳,0
2014,報道,女,77歳,0
2014,投資・経営,女,77歳,1
2014,法律・会計業務,女,77歳,0
2014,医療,女,77歳,0
2014,研究,女,77歳,0
2014,教育,女,77歳,0
2014,技術,女,77歳,0
2014,人文知識・国際業務,女,77歳,0
2014,企業内転勤,女,77歳,0
2014,興行,女,77歳,0
2014,技能,女,77歳,0
2014,技能実習1号イ,女,77歳,0
2014,技能実習1号ロ,女,77歳,0
2014,技能実習2号イ,女,77歳,0
2014,技能実習2号ロ,女,77歳,0
2014,文化活動,女,77歳,0
2014,留学,女,77歳,0
2014,研修,女,77歳,0
2014,家族滞在,女,77歳,2
2014,特定活動,女,77歳,64
2014,永住者,女,77歳,499
2014,日本人の配偶者等,女,77歳,43
2014,永住者の配偶者等,女,77歳,1
2014,定住者,女,77歳,52
2014,特別永住者,女,77歳,2311
2014,教授,男,78歳,0
2014,芸術,男,78歳,1
2014,宗教,男,78歳,10
2014,報道,男,78歳,0
2014,投資・経営,男,78歳,2
2014,法律・会計業務,男,78歳,0
2014,医療,男,78歳,0
2014,研究,男,78歳,2
2014,教育,男,78歳,1
2014,技術,男,78歳,2
2014,人文知識・国際業務,男,78歳,1
2014,企業内転勤,男,78歳,1
2014,興行,男,78歳,0
2014,技能,男,78歳,1
2014,技能実習1号イ,男,78歳,0
2014,技能実習1号ロ,男,78歳,0
2014,技能実習2号イ,男,78歳,0
2014,技能実習2号ロ,男,78歳,0
2014,文化活動,男,78歳,0
2014,留学,男,78歳,0
2014,研修,男,78歳,0
2014,家族滞在,男,78歳,0
2014,特定活動,男,78歳,29
2014,永住者,男,78歳,443
2014,日本人の配偶者等,男,78歳,26
2014,永住者の配偶者等,男,78歳,3
2014,定住者,男,78歳,42
2014,特別永住者,男,78歳,1427
2014,教授,女,78歳,1
2014,芸術,女,78歳,0
2014,宗教,女,78歳,9
2014,報道,女,78歳,0
2014,投資・経営,女,78歳,0
2014,法律・会計業務,女,78歳,0
2014,医療,女,78歳,0
2014,研究,女,78歳,0
2014,教育,女,78歳,0
2014,技術,女,78歳,0
2014,人文知識・国際業務,女,78歳,0
2014,企業内転勤,女,78歳,0
2014,興行,女,78歳,0
2014,技能,女,78歳,0
2014,技能実習1号イ,女,78歳,0
2014,技能実習1号ロ,女,78歳,0
2014,技能実習2号イ,女,78歳,0
2014,技能実習2号ロ,女,78歳,0
2014,文化活動,女,78歳,0
2014,留学,女,78歳,0
2014,研修,女,78歳,0
2014,家族滞在,女,78歳,2
2014,特定活動,女,78歳,60
2014,永住者,女,78歳,420
2014,日本人の配偶者等,女,78歳,35
2014,永住者の配偶者等,女,78歳,2
2014,定住者,女,78歳,39
2014,特別永住者,女,78歳,2292
2014,教授,男,79歳,1
2014,芸術,男,79歳,0
2014,宗教,男,79歳,7
2014,報道,男,79歳,0
2014,投資・経営,男,79歳,2
2014,法律・会計業務,男,79歳,0
2014,医療,男,79歳,1
2014,研究,男,79歳,1
2014,教育,男,79歳,0
2014,技術,男,79歳,0
2014,人文知識・国際業務,男,79歳,2
2014,企業内転勤,男,79歳,0
2014,興行,男,79歳,0
2014,技能,男,79歳,0
2014,技能実習1号イ,男,79歳,0
2014,技能実習1号ロ,男,79歳,0
2014,技能実習2号イ,男,79歳,0
2014,技能実習2号ロ,男,79歳,0
2014,文化活動,男,79歳,0
2014,留学,男,79歳,0
2014,研修,男,79歳,0
2014,家族滞在,男,79歳,2
2014,特定活動,男,79歳,27
2014,永住者,男,79歳,384
2014,日本人の配偶者等,男,79歳,35
2014,永住者の配偶者等,男,79歳,3
2014,定住者,男,79歳,47
2014,特別永住者,男,79歳,1255
2014,教授,女,79歳,0
2014,芸術,女,79歳,0
2014,宗教,女,79歳,4
2014,報道,女,79歳,0
2014,投資・経営,女,79歳,0
2014,法律・会計業務,女,79歳,0
2014,医療,女,79歳,0
2014,研究,女,79歳,0
2014,教育,女,79歳,0
2014,技術,女,79歳,0
2014,人文知識・国際業務,女,79歳,1
2014,企業内転勤,女,79歳,0
2014,興行,女,79歳,0
2014,技能,女,79歳,0
2014,技能実習1号イ,女,79歳,0
2014,技能実習1号ロ,女,79歳,0
2014,技能実習2号イ,女,79歳,0
2014,技能実習2号ロ,女,79歳,0
2014,文化活動,女,79歳,0
2014,留学,女,79歳,0
2014,研修,女,79歳,0
2014,家族滞在,女,79歳,0
2014,特定活動,女,79歳,56
2014,永住者,女,79歳,392
2014,日本人の配偶者等,女,79歳,33
2014,永住者の配偶者等,女,79歳,0
2014,定住者,女,79歳,42
2014,特別永住者,女,79歳,2126
2014,教授,男,80歳以上,0
2014,芸術,男,80歳以上,1
2014,宗教,男,80歳以上,76
2014,報道,男,80歳以上,0
2014,投資・経営,男,80歳以上,14
2014,法律・会計業務,男,80歳以上,0
2014,医療,男,80歳以上,1
2014,研究,男,80歳以上,0
2014,教育,男,80歳以上,0
2014,技術,男,80歳以上,0
2014,人文知識・国際業務,男,80歳以上,1
2014,企業内転勤,男,80歳以上,1
2014,興行,男,80歳以上,0
2014,技能,男,80歳以上,1
2014,技能実習1号イ,男,80歳以上,0
2014,技能実習1号ロ,男,80歳以上,0
2014,技能実習2号イ,男,80歳以上,0
2014,技能実習2号ロ,男,80歳以上,0
2014,文化活動,男,80歳以上,1
2014,留学,男,80歳以上,0
2014,研修,男,80歳以上,0
2014,家族滞在,男,80歳以上,0
2014,特定活動,男,80歳以上,131
2014,永住者,男,80歳以上,2302
2014,日本人の配偶者等,男,80歳以上,165
2014,永住者の配偶者等,男,80歳以上,16
2014,定住者,男,80歳以上,230
2014,特別永住者,男,80歳以上,7801
2014,教授,女,80歳以上,0
2014,芸術,女,80歳以上,0
2014,宗教,女,80歳以上,30
2014,報道,女,80歳以上,0
2014,投資・経営,女,80歳以上,7
2014,法律・会計業務,女,80歳以上,0
2014,医療,女,80歳以上,0
2014,研究,女,80歳以上,0
2014,教育,女,80歳以上,0
2014,技術,女,80歳以上,0
2014,人文知識・国際業務,女,80歳以上,0
2014,企業内転勤,女,80歳以上,0
2014,興行,女,80歳以上,0
2014,技能,女,80歳以上,0
2014,技能実習1号イ,女,80歳以上,0
2014,技能実習1号ロ,女,80歳以上,0
2014,技能実習2号イ,女,80歳以上,0
2014,技能実習2号ロ,女,80歳以上,0
2014,文化活動,女,80歳以上,0
2014,留学,女,80歳以上,0
2014,研修,女,80歳以上,0
2014,家族滞在,女,80歳以上,5
2014,特定活動,女,80歳以上,255
2014,永住者,女,80歳以上,3220
2014,日本人の配偶者等,女,80歳以上,217
2014,永住者の配偶者等,女,80歳以上,8
2014,定住者,女,80歳以上,387
2014,特別永住者,女,80歳以上,15129
2014,教授,男,不詳,0
2014,芸術,男,不詳,0
2014,宗教,男,不詳,0
2014,報道,男,不詳,0
2014,投資・経営,男,不詳,0
2014,法律・会計業務,男,不詳,0
2014,医療,男,不詳,0
2014,研究,男,不詳,0
2014,教育,男,不詳,0
2014,技術,男,不詳,0
2014,人文知識・国際業務,男,不詳,0
2014,企業内転勤,男,不詳,0
2014,興行,男,不詳,0
2014,技能,男,不詳,0
2014,技能実習1号イ,男,不詳,0
2014,技能実習1号ロ,男,不詳,0
2014,技能実習2号イ,男,不詳,0
2014,技能実習2号ロ,男,不詳,1
2014,文化活動,男,不詳,0
2014,留学,男,不詳,0
2014,研修,男,不詳,0
2014,家族滞在,男,不詳,0
2014,特定活動,男,不詳,0
2014,永住者,男,不詳,0
2014,日本人の配偶者等,男,不詳,0
2014,永住者の配偶者等,男,不詳,0
2014,定住者,男,不詳,0
2014,特別永住者,男,不詳,1
2014,教授,女,不詳,0
2014,芸術,女,不詳,0
2014,宗教,女,不詳,0
2014,報道,女,不詳,0
2014,投資・経営,女,不詳,0
2014,法律・会計業務,女,不詳,0
2014,医療,女,不詳,0
2014,研究,女,不詳,0
2014,教育,女,不詳,0
2014,技術,女,不詳,0
2014,人文知識・国際業務,女,不詳,0
2014,企業内転勤,女,不詳,0
2014,興行,女,不詳,0
2014,技能,女,不詳,0
2014,技能実習1号イ,女,不詳,0
2014,技能実習1号ロ,女,不詳,0
2014,技能実習2号イ,女,不詳,0
2014,技能実習2号ロ,女,不詳,0
2014,文化活動,女,不詳,0
2014,留学,女,不詳,0
2014,研修,女,不詳,0
2014,家族滞在,女,不詳,0
2014,特定活動,女,不詳,0
2014,永住者,女,不詳,1
2014,日本人の配偶者等,女,不詳,0
2014,永住者の配偶者等,女,不詳,0
2014,定住者,女,不詳,0
2014,特別永住者,女,不詳,1
